date,source,image_id,pre_post,aoi_cloud_pct,tile_cloud_pct,aoi_covered,in_clean_set,flags
2019-01-01,viirs,20190101,PRE,0.0,,True,True,PRE_INTERVENTION
2019-01-02,sentinel2,20190102T075321_20190102T075634_T36NXF,PRE,0.0,0.699719,True,True,PRE_INTERVENTION
2019-01-07,sentinel2,20190107T075319_20190107T080915_T36NXF,PRE,0.0,1.535161,True,True,PRE_INTERVENTION
2019-01-12,sentinel2,20190112T075301_20190112T075614_T36NXF,PRE,0.0,10.332992,True,True,PRE_INTERVENTION
2019-01-17,sentinel2,20190117T075249_20190117T080836_T36NXF,PRE,0.0,4.038922,True,True,PRE_INTERVENTION
2019-01-22,sentinel2,20190122T075221_20190122T075539_T36NXF,PRE,0.0,0.175152,True,True,PRE_INTERVENTION
2019-01-27,sentinel2,20190127T075209_20190127T080616_T36NXF,PRE,12.34,25.275155,True,True,PRE_INTERVENTION
2019-02-01,viirs,20190201,PRE,0.0,,True,True,PRE_INTERVENTION
2019-02-01,sentinel2,20190201T075141_20190201T080139_T36NXF,PRE,0.0,0.033922,True,True,PRE_INTERVENTION
2019-02-06,sentinel2,20190206T075109_20190206T080454_T36NXF,PRE,0.0,39.857907,True,True,PRE_INTERVENTION
2019-02-21,sentinel2,20190221T074931_20190221T075527_T36NXF,PRE,30.23,39.913136,True,True,PRE_INTERVENTION
2019-02-26,sentinel2,20190226T074859_20190226T080814_T36NXF,PRE,0.0,1.42259,True,True,PRE_INTERVENTION
2019-03-01,viirs,20190301,PRE,0.0,,True,True,PRE_INTERVENTION
2019-03-03,sentinel2,20190303T074821_20190303T080235_T36NXF,PRE,2.89,9.218931,True,True,PRE_INTERVENTION
2019-03-08,sentinel2,20190308T074749_20190308T080419_T36NXF,PRE,8.06,22.869967,True,True,PRE_INTERVENTION
2019-03-13,sentinel2,20190313T074711_20190313T080640_T36NXF,PRE,0.0,0.212103,True,True,PRE_INTERVENTION
2019-03-18,sentinel2,20190318T074639_20190318T080921_T36NXF,PRE,0.0,4.234091,True,True,PRE_INTERVENTION
2019-03-23,sentinel2,20190323T074611_20190323T080452_T36NXF,PRE,0.0,0.013716,True,True,PRE_INTERVENTION
2019-03-28,sentinel2,20190328T074839_20190328T080155_T36NXF,PRE,0.0,15.247992,True,True,PRE_INTERVENTION
2019-04-01,viirs,20190401,PRE,0.0,,True,True,PRE_INTERVENTION
2019-04-02,sentinel2,20190402T074611_20190402T080856_T36NXF,PRE,100.0,36.088291,True,False,HIGH_AOI_CLOUD|PRE_INTERVENTION
2019-04-12,sentinel2,20190412T074611_20190412T080028_T36NXF,PRE,0.0,5.595738,True,True,PRE_INTERVENTION
2019-05-01,viirs,20190501,PRE,0.0,,True,True,PRE_INTERVENTION
2019-05-02,sentinel2,20190502T074621_20190502T080204_T36NXF,PRE,0.76,34.585644,True,True,PRE_INTERVENTION
2019-05-07,sentinel2,20190507T074619_20190507T080526_T36NXF,PRE,0.0,10.937658,True,True,PRE_INTERVENTION
2019-05-12,sentinel2,20190512T074621_20190512T080030_T36NXF,PRE,100.0,37.874351,True,False,HIGH_AOI_CLOUD|PRE_INTERVENTION
2019-05-17,sentinel2,20190517T074619_20190517T075858_T36NXF,PRE,0.0,14.739789,True,True,PRE_INTERVENTION
2019-05-22,sentinel2,20190522T074621_20190522T080757_T36NXF,PRE,6.5,13.800843,True,True,PRE_INTERVENTION
2019-05-27,sentinel2,20190527T074619_20190527T080335_T36NXF,PRE,0.0,20.755252,True,True,PRE_INTERVENTION
2019-06-01,viirs,20190601,PRE,0.0,,True,True,PRE_INTERVENTION
2019-06-01,sentinel2,20190601T074611_20190601T080825_T36NXF,PRE,13.75,53.068604,True,True,PRE_INTERVENTION
2019-06-06,sentinel2,20190606T074619_20190606T080526_T36NXF,PRE,36.24,13.593349,True,True,PRE_INTERVENTION
2019-06-16,sentinel2,20190616T074619_20190616T080736_T36NXF,PRE,0.01,21.816762,True,True,PRE_INTERVENTION
2019-06-21,sentinel2,20190621T074621_20190621T080443_T36NXF,PRE,74.96,15.989794,True,False,HIGH_AOI_CLOUD|PRE_INTERVENTION
2019-07-01,viirs,20190701,PRE,0.0,,True,True,PRE_INTERVENTION
2019-07-01,sentinel2,20190701T074621_20190701T080914_T36NXF,PRE,0.0,1.52331,True,True,PRE_INTERVENTION
2019-07-06,sentinel2,20190706T074619_20190706T080534_T36NXF,PRE,0.0,5.261014,True,True,PRE_INTERVENTION
2019-07-11,sentinel2,20190711T074621_20190711T080806_T36NXF,PRE,1.92,12.040833,True,True,PRE_INTERVENTION
2019-07-16,sentinel2,20190716T074619_20190716T080657_T36NXF,PRE,0.0,20.090634,True,True,PRE_INTERVENTION
2019-07-21,sentinel2,20190721T074621_20190721T080458_T36NXF,PRE,0.0,15.021416,True,True,PRE_INTERVENTION
2019-07-26,sentinel2,20190726T074619_20190726T080331_T36NXF,PRE,0.0,14.511661,True,True,PRE_INTERVENTION
2019-08-01,viirs,20190801,PRE,0.0,,True,True,PRE_INTERVENTION
2019-08-05,sentinel2,20190805T074619_20190805T080429_T36NXF,PRE,32.7,11.807672,True,True,PRE_INTERVENTION
2019-08-15,sentinel2,20190815T074619_20190815T080611_T36NXF,PRE,0.0,10.020375,True,True,PRE_INTERVENTION
2019-08-20,sentinel2,20190820T074611_20190820T080449_T36NXF,PRE,0.0,23.152575,True,True,PRE_INTERVENTION
2019-08-25,sentinel2,20190825T074619_20190825T080100_T36NXF,PRE,0.0,2.101732,True,True,PRE_INTERVENTION
2019-08-30,sentinel2,20190830T074611_20190830T080820_T36NXF,PRE,0.01,19.112747,True,True,PRE_INTERVENTION
2019-09-01,viirs,20190901,PRE,0.0,,True,True,PRE_INTERVENTION
2019-09-04,sentinel2,20190904T074619_20190904T080047_T36NXF,PRE,2.13,55.286125,True,True,PRE_INTERVENTION
2019-09-09,sentinel2,20190909T074611_20190909T080510_T36NXF,PRE,0.0,11.264435,True,True,PRE_INTERVENTION
2019-09-14,sentinel2,20190914T074609_20190914T080026_T36NXF,PRE,100.0,50.473227,True,False,HIGH_AOI_CLOUD|PRE_INTERVENTION
2019-09-19,sentinel2,20190919T074611_20190919T080026_T36NXF,PRE,0.0,0.762622,True,True,PRE_INTERVENTION
2019-09-24,sentinel2,20190924T074639_20190924T080925_T36NXF,PRE,0.0,5.761617,True,True,PRE_INTERVENTION
2019-09-29,sentinel2,20190929T074711_20190929T080834_T36NXF,PRE,0.0,16.416183,True,True,PRE_INTERVENTION
2019-10-01,viirs,20191001,PRE,0.0,,True,True,PRE_INTERVENTION
2019-10-04,sentinel2,20191004T074749_20191004T080733_T36NXF,PRE,0.25,5.091557,True,True,PRE_INTERVENTION
2019-10-09,sentinel2,20191009T074821_20191009T080415_T36NXF,PRE,100.0,54.167157,True,False,HIGH_AOI_CLOUD|PRE_INTERVENTION
2019-10-19,sentinel2,20191019T074931_20191019T080150_T36NXF,PRE,57.53,44.845199,True,False,HIGH_AOI_CLOUD|PRE_INTERVENTION
2019-10-29,sentinel2,20191029T075031_20191029T075300_T36NXF,PRE,75.39,55.902725,True,False,HIGH_AOI_CLOUD|PRE_INTERVENTION
2019-11-01,viirs,20191101,PRE,33.86,,True,True,PRE_INTERVENTION
2019-11-03,sentinel2,20191103T075009_20191103T080339_T36NXF,PRE,0.03,9.400964,True,True,PRE_INTERVENTION
2019-11-13,sentinel2,20191113T075059_20191113T080912_T36NXF,PRE,78.4,22.112668,True,False,HIGH_AOI_CLOUD|PRE_INTERVENTION
2019-11-18,sentinel2,20191118T075211_20191118T080759_T36NXF,PRE,61.94,24.568233,True,False,HIGH_AOI_CLOUD|PRE_INTERVENTION
2019-11-28,sentinel2,20191128T075251_20191128T075606_T36NXF,PRE,26.87,27.879406,True,True,PRE_INTERVENTION
2019-12-01,viirs,20191201,PRE,0.0,,True,True,PRE_INTERVENTION
2019-12-08,sentinel2,20191208T075311_20191208T075629_T36NXF,PRE,47.84,42.679085,True,False,HIGH_AOI_CLOUD|PRE_INTERVENTION
2019-12-13,sentinel2,20191213T075229_20191213T080524_T36NXF,PRE,5.81,43.71904,True,True,PRE_INTERVENTION
2019-12-18,sentinel2,20191218T075331_20191218T075640_T36NXF,PRE,23.66,46.774664,True,True,PRE_INTERVENTION
2019-12-28,sentinel2,20191228T075331_20191228T075641_T36NXF,PRE,1.48,67.384894,True,True,PRE_INTERVENTION
2020-01-01,viirs,20200101,PRE,0.0,,True,True,PRE_INTERVENTION
2020-01-02,sentinel2,20200102T075229_20200102T080825_T36NXF,PRE,0.0,28.529342,True,True,PRE_INTERVENTION
2020-01-07,sentinel2,20200107T075311_20200107T075626_T36NXF,PRE,2.91,16.996488,True,True,PRE_INTERVENTION
2020-01-12,sentinel2,20200112T075209_20200112T080017_T36NXF,PRE,30.87,59.631409,True,True,PRE_INTERVENTION
2020-01-17,sentinel2,20200117T075241_20200117T075557_T36NXF,PRE,73.6,34.228542,True,False,HIGH_AOI_CLOUD|PRE_INTERVENTION
2020-01-22,sentinel2,20200122T075129_20200122T080758_T36NXF,PRE,0.0,4.068732,True,True,PRE_INTERVENTION
2020-02-01,viirs,20200201,PRE,0.0,,True,True,PRE_INTERVENTION
2020-02-11,sentinel2,20200211T074959_20200211T080355_T36NXF,PRE,0.0,0.125338,True,True,PRE_INTERVENTION
2020-02-16,sentinel2,20200216T075011_20200216T080428_T36NXF,PRE,0.0,1.255338,True,True,PRE_INTERVENTION
2020-02-21,sentinel2,20200221T074939_20200221T080715_T36NXF,PRE,0.0,13.226041,True,True,PRE_INTERVENTION
2020-03-01,viirs,20200301,PRE,0.0,,True,True,PRE_INTERVENTION
2020-03-02,sentinel2,20200302T074829_20200302T080433_T36NXF,PRE,86.77,36.704772,True,False,HIGH_AOI_CLOUD|PRE_INTERVENTION
2020-03-07,sentinel2,20200307T074751_20200307T080004_T36NXF,PRE,0.0,34.537745,True,True,PRE_INTERVENTION
2020-03-22,sentinel2,20200322T074609_20200322T080932_T36NXF,PRE,2.06,38.052593,True,True,PRE_INTERVENTION
2020-03-27,sentinel2,20200327T074611_20200327T080818_T36NXF,PRE,0.0,16.048098,True,True,PRE_INTERVENTION
2020-04-01,viirs,20200401,PRE,0.0,,True,True,PRE_INTERVENTION
2020-04-01,sentinel2,20200401T074609_20200401T080132_T36NXF,PRE,0.0,7.032886,True,True,PRE_INTERVENTION
2020-04-11,sentinel2,20200411T074609_20200411T080507_T36NXF,PRE,3.02,22.711683,True,True,PRE_INTERVENTION
2020-04-16,sentinel2,20200416T074611_20200416T080916_T36NXF,PRE,100.0,38.535675,True,False,HIGH_AOI_CLOUD|PRE_INTERVENTION
2020-04-21,sentinel2,20200421T074609_20200421T080321_T36NXF,PRE,95.65,65.099414,True,False,HIGH_AOI_CLOUD|PRE_INTERVENTION
2020-04-26,sentinel2,20200426T074611_20200426T080911_T36NXF,PRE,100.0,33.642521,True,False,HIGH_AOI_CLOUD|PRE_INTERVENTION
2020-05-01,sentinel2,20200501T074609_20200501T080518_T36NXF,PRE,0.0,9.74159,True,True,PRE_INTERVENTION
2020-05-01,viirs,20200501,PRE,0.0,,True,True,PRE_INTERVENTION
2020-05-06,sentinel2,20200506T074621_20200506T080222_T36NXF,PRE,10.49,7.627832,True,True,PRE_INTERVENTION
2020-05-11,sentinel2,20200511T074609_20200511T080553_T36NXF,PRE,100.0,48.092852,True,False,HIGH_AOI_CLOUD|PRE_INTERVENTION
2020-05-16,sentinel2,20200516T074621_20200516T080324_T36NXF,PRE,0.0,17.783136,True,True,PRE_INTERVENTION
2020-05-21,sentinel2,20200521T074609_20200521T080518_T36NXF,PRE,3.03,3.009041,True,True,PRE_INTERVENTION
2020-05-26,sentinel2,20200526T074621_20200526T080832_T36NXF,PRE,7.86,20.812364,True,True,PRE_INTERVENTION
2020-05-31,sentinel2,20200531T074619_20200531T080520_T36NXF,PRE,4.12,16.265079,True,True,PRE_INTERVENTION
2020-06-01,viirs,20200601,PRE,0.0,,True,True,PRE_INTERVENTION
2020-06-05,sentinel2,20200605T074621_20200605T080829_T36NXF,PRE,0.0,34.110418,True,True,PRE_INTERVENTION
2020-06-20,sentinel2,20200620T074619_20200620T080329_T36NXF,PRE,6.32,28.909835,True,True,PRE_INTERVENTION
2020-06-25,sentinel2,20200625T074621_20200625T080202_T36NXF,PRE,0.0,1.4204,True,True,PRE_INTERVENTION
2020-07-01,viirs,20200701,PRE,0.0,,True,True,PRE_INTERVENTION
2020-07-05,sentinel2,20200705T074621_20200705T080824_T36NXF,PRE,2.6,21.655163,True,True,PRE_INTERVENTION
2020-07-10,sentinel2,20200710T074619_20200710T080556_T36NXF,PRE,4.54,28.522436,True,True,PRE_INTERVENTION
2020-07-20,sentinel2,20200720T074619_20200720T080328_T36NXF,PRE,0.0,26.055248,True,True,PRE_INTERVENTION
2020-07-25,sentinel2,20200725T074621_20200725T080832_T36NXF,PRE,4.29,16.787582,True,True,PRE_INTERVENTION
2020-07-30,sentinel2,20200730T074619_20200730T080630_T36NXF,PRE,0.0,10.808823,True,True,PRE_INTERVENTION
2020-08-01,viirs,20200801,PRE,0.0,,True,True,PRE_INTERVENTION
2020-08-04,sentinel2,20200804T074621_20200804T080810_T36NXF,PRE,57.53,58.038366,True,False,HIGH_AOI_CLOUD|PRE_INTERVENTION
2020-08-19,sentinel2,20200819T074619_20200819T080457_T36NXF,PRE,76.47,30.569895,True,False,HIGH_AOI_CLOUD|PRE_INTERVENTION
2020-08-24,sentinel2,20200824T074621_20200824T075923_T36NXF,PRE,83.16,35.37332,True,False,HIGH_AOI_CLOUD|PRE_INTERVENTION
2020-09-01,viirs,20200901,PRE,0.0,,True,True,PRE_INTERVENTION
2020-09-03,sentinel2,20200903T074621_20200903T075217_T36NXF,PRE,3.36,17.409525,True,True,PRE_INTERVENTION
2020-09-08,sentinel2,20200908T074619_20200908T080424_T36NXF,PRE,0.0,6.841988,True,True,PRE_INTERVENTION
2020-09-13,sentinel2,20200913T074621_20200913T080920_T36NXF,PRE,0.0,1.126466,True,True,PRE_INTERVENTION
2020-09-18,sentinel2,20200918T074619_20200918T080455_T36NXF,PRE,2.25,2.333327,True,True,PRE_INTERVENTION
2020-09-23,sentinel2,20200923T074641_20200923T075216_T36NXF,PRE,40.05,23.898122,True,False,HIGH_AOI_CLOUD|PRE_INTERVENTION
2020-09-28,sentinel2,20200928T074709_20200928T080455_T36NXF,PRE,19.77,25.912634,True,True,PRE_INTERVENTION
2020-10-01,viirs,20201001,PRE,0.0,,True,True,PRE_INTERVENTION
2020-10-03,sentinel2,20201003T074751_20201003T075219_T36NXF,PRE,0.37,8.737689,True,True,PRE_INTERVENTION
2020-10-08,sentinel2,20201008T074819_20201008T080529_T36NXF,PRE,0.0,1.59463,True,True,PRE_INTERVENTION
2020-10-13,sentinel2,20201013T074901_20201013T075215_T36NXF,PRE,15.21,54.651862,True,True,PRE_INTERVENTION
2020-10-23,sentinel2,20201023T075001_20201023T075216_T36NXF,PRE,28.01,21.666951,True,True,PRE_INTERVENTION
2020-10-28,sentinel2,20201028T075029_20201028T080456_T36NXF,PRE,0.0,39.785882,True,True,PRE_INTERVENTION
2020-11-01,viirs,20201101,PRE,0.0,,True,True,PRE_INTERVENTION
2020-11-02,sentinel2,20201102T075101_20201102T075217_T36NXF,PRE,0.0,32.939967,True,True,PRE_INTERVENTION
2020-11-12,sentinel2,20201112T075151_20201112T075216_T36NXF,PRE,42.46,20.029156,True,False,HIGH_AOI_CLOUD|PRE_INTERVENTION
2020-11-22,sentinel2,20201122T075241_20201122T075235_T36NXF,PRE,1.87,13.746375,True,True,PRE_INTERVENTION
2020-11-27,sentinel2,20201127T075249_20201127T080530_T36NXF,PRE,0.0,47.827279,True,True,PRE_INTERVENTION
2020-12-01,viirs,20201201,PRE,0.0,,True,True,PRE_INTERVENTION
2020-12-02,sentinel2,20201202T075311_20201202T075305_T36NXF,PRE,29.38,19.509495,True,True,PRE_INTERVENTION
2020-12-07,sentinel2,20201207T075319_20201207T080629_T36NXF,PRE,28.12,13.804521,True,True,PRE_INTERVENTION
2020-12-12,sentinel2,20201212T075321_20201212T075322_T36NXF,PRE,0.0,3.635304,True,True,PRE_INTERVENTION
2020-12-17,sentinel2,20201217T075229_20201217T080513_T36NXF,PRE,0.15,42.847233,True,True,PRE_INTERVENTION
2020-12-22,sentinel2,20201222T075331_20201222T075331_T36NXF,PRE,0.0,7.185212,True,True,PRE_INTERVENTION
2020-12-27,sentinel2,20201227T075239_20201227T080515_T36NXF,PRE,5.93,34.919748,True,True,PRE_INTERVENTION
2021-01-01,viirs,20210101,PRE,0.0,,True,True,PRE_INTERVENTION
2021-01-01,sentinel2,20210101T075331_20210101T075325_T36NXF,PRE,7.3,57.497501,True,True,PRE_INTERVENTION
2021-01-06,sentinel2,20210106T075219_20210106T080451_T36NXF,PRE,0.0,4.158636,True,True,PRE_INTERVENTION
2021-01-16,sentinel2,20210116T075159_20210116T080452_T36NXF,PRE,50.41,47.095067,True,False,HIGH_AOI_CLOUD|PRE_INTERVENTION
2021-01-21,sentinel2,20210121T075231_20210121T075231_T36NXF,PRE,100.0,46.666239,True,False,HIGH_AOI_CLOUD|PRE_INTERVENTION
2021-01-26,sentinel2,20210126T075109_20210126T080454_T36NXF,PRE,0.0,4.672891,True,True,PRE_INTERVENTION
2021-01-31,sentinel2,20210131T075141_20210131T075212_T36NXF,PRE,0.0,2.639062,True,True,PRE_INTERVENTION
2021-02-01,viirs,20210201,PRE,0.0,,True,True,PRE_INTERVENTION
2021-02-05,sentinel2,20210205T075019_20210205T080523_T36NXF,PRE,0.6,1.214422,True,True,PRE_INTERVENTION
2021-02-10,sentinel2,20210210T075041_20210210T075211_T36NXF,PRE,0.0,12.631378,True,True,PRE_INTERVENTION
2021-02-15,sentinel2,20210215T075009_20210215T080449_T36NXF,PRE,0.0,1.486415,True,True,PRE_INTERVENTION
2021-02-20,sentinel2,20210220T074941_20210220T075211_T36NXF,PRE,0.0,30.848726,True,True,PRE_INTERVENTION
2021-03-01,viirs,20210301,PRE,0.0,,True,True,PRE_INTERVENTION
2021-03-02,sentinel2,20210302T074831_20210302T075213_T36NXF,PRE,0.0,5.734045,True,True,PRE_INTERVENTION
2021-03-07,sentinel2,20210307T074749_20210307T080446_T36NXF,PRE,3.08,12.959158,True,True,PRE_INTERVENTION
2021-03-12,sentinel2,20210312T074721_20210312T075212_T36NXF,PRE,0.0,1.106632,True,True,PRE_INTERVENTION
2021-03-17,sentinel2,20210317T074639_20210317T080451_T36NXF,PRE,100.0,60.924751,True,False,HIGH_AOI_CLOUD|PRE_INTERVENTION
2021-03-22,sentinel2,20210322T074611_20210322T075211_T36NXF,PRE,0.0,47.220306,True,True,PRE_INTERVENTION
2021-04-01,viirs,20210401,PRE,91.9,,True,True,HIGH_AOI_CLOUD|PRE_INTERVENTION
2021-04-01,sentinel2,20210401T074611_20210401T075209_T36NXF,PRE,0.0,6.35467,True,True,PRE_INTERVENTION
2021-04-06,sentinel2,20210406T074609_20210406T080531_T36NXF,PRE,0.0,3.482971,True,True,PRE_INTERVENTION
2021-04-11,sentinel2,20210411T074611_20210411T075207_T36NXF,PRE,0.0,12.345819,True,True,PRE_INTERVENTION
2021-04-26,sentinel2,20210426T074609_20210426T080448_T36NXF,PRE,0.11,15.06084,True,True,PRE_INTERVENTION
2021-05-01,viirs,20210501,PRE,0.0,,True,True,PRE_INTERVENTION
2021-05-06,sentinel2,20210506T074609_20210506T080443_T36NXF,PRE,22.57,37.362533,True,True,PRE_INTERVENTION
2021-05-16,sentinel2,20210516T074609_20210516T080452_T36NXF,PRE,0.0,1.392036,True,True,PRE_INTERVENTION
2021-05-21,sentinel2,20210521T074611_20210521T075213_T36NXF,PRE,3.68,20.870399,True,True,PRE_INTERVENTION
2021-05-26,sentinel2,20210526T074609_20210526T080454_T36NXF,PRE,0.12,16.457055,True,True,PRE_INTERVENTION
2021-05-31,sentinel2,20210531T074611_20210531T075213_T36NXF,PRE,94.56,10.740359,True,False,HIGH_AOI_CLOUD|PRE_INTERVENTION
2021-06-01,viirs,20210601,PRE,0.0,,True,True,PRE_INTERVENTION
2021-06-05,sentinel2,20210605T074609_20210605T080534_T36NXF,PRE,0.0,1.990634,True,True,PRE_INTERVENTION
2021-06-10,sentinel2,20210610T074611_20210610T075213_T36NXF,PRE,0.0,1.474069,True,True,PRE_INTERVENTION
2021-06-15,sentinel2,20210615T074609_20210615T080454_T36NXF,PRE,1.86,49.165146,True,True,PRE_INTERVENTION
2021-06-20,sentinel2,20210620T074611_20210620T075213_T36NXF,PRE,0.0,5.13556,True,True,PRE_INTERVENTION
2021-06-25,sentinel2,20210625T074609_20210625T080454_T36NXF,PRE,91.59,42.681627,True,False,HIGH_AOI_CLOUD|PRE_INTERVENTION
2021-06-30,sentinel2,20210630T074611_20210630T080821_T36NXF,PRE,26.56,24.002366,True,True,PRE_INTERVENTION
2021-07-01,viirs,20210701,PRE,0.0,,True,True,PRE_INTERVENTION
2021-07-05,sentinel2,20210705T074619_20210705T080448_T36NXF,PRE,6.89,7.990876,True,True,PRE_INTERVENTION
2021-07-10,sentinel2,20210710T074611_20210710T075215_T36NXF,PRE,0.0,47.677661,True,True,PRE_INTERVENTION
2021-07-15,sentinel2,20210715T074619_20210715T080455_T36NXF,PRE,83.72,60.529123,True,False,HIGH_AOI_CLOUD|PRE_INTERVENTION
2021-07-20,sentinel2,20210720T074621_20210720T075216_T36NXF,PRE,11.34,18.379926,True,True,PRE_INTERVENTION
2021-07-25,sentinel2,20210725T074619_20210725T080455_T36NXF,PRE,0.0,15.680088,True,True,PRE_INTERVENTION
2021-08-01,viirs,20210801,PRE,0.0,,True,True,PRE_INTERVENTION
2021-08-04,sentinel2,20210804T074609_20210804T080534_T36NXF,PRE,0.0,2.257362,True,True,PRE_INTERVENTION
2021-08-14,sentinel2,20210814T074609_20210814T080453_T36NXF,PRE,100.0,67.338522,True,False,HIGH_AOI_CLOUD|PRE_INTERVENTION
2021-08-19,sentinel2,20210819T074611_20210819T075215_T36NXF,PRE,1.18,22.659487,True,True,PRE_INTERVENTION
2021-08-24,sentinel2,20210824T074609_20210824T080452_T36NXF,PRE,0.55,9.399826,True,True,PRE_INTERVENTION
2021-08-29,sentinel2,20210829T074611_20210829T075214_T36NXF,PRE,0.0,1.150756,True,True,PRE_INTERVENTION
2021-09-01,viirs,20210901,PRE,0.0,,True,True,PRE_INTERVENTION
2021-09-03,sentinel2,20210903T074609_20210903T080442_T36NXF,PRE,0.0,43.425094,True,True,PRE_INTERVENTION
2021-09-08,sentinel2,20210908T074611_20210908T075212_T36NXF,PRE,1.78,29.28631,True,True,PRE_INTERVENTION
2021-09-13,sentinel2,20210913T074609_20210913T080449_T36NXF,PRE,0.0,1.583983,True,True,PRE_INTERVENTION
2021-09-23,sentinel2,20210923T074629_20210923T080449_T36NXF,PRE,0.0,0.975265,True,True,PRE_INTERVENTION
2021-09-28,sentinel2,20210928T074711_20210928T075216_T36NXF,PRE,0.0,24.784069,True,True,PRE_INTERVENTION
2021-10-01,viirs,20211001,PRE,0.0,,True,True,PRE_INTERVENTION
2021-10-03,sentinel2,20211003T074739_20211003T080532_T36NXF,PRE,100.0,69.210279,True,False,HIGH_AOI_CLOUD|PRE_INTERVENTION
2021-10-08,sentinel2,20211008T074821_20211008T075216_T36NXF,PRE,0.0,46.488479,True,True,PRE_INTERVENTION
2021-10-13,sentinel2,20211013T074849_20211013T080454_T36NXF,PRE,0.0,19.853279,True,True,PRE_INTERVENTION
2021-10-18,sentinel2,20211018T074931_20211018T075219_T36NXF,PRE,15.52,5.437646,True,True,PRE_INTERVENTION
2021-10-23,sentinel2,20211023T074959_20211023T080455_T36NXF,PRE,0.0,2.904257,True,True,PRE_INTERVENTION
2021-10-28,sentinel2,20211028T075031_20211028T075217_T36NXF,PRE,29.54,27.7922,True,True,PRE_INTERVENTION
2021-11-01,viirs,20211101,PRE,0.0,,True,True,PRE_INTERVENTION
2021-11-07,sentinel2,20211107T075131_20211107T075215_T36NXF,PRE,2.77,43.458562,True,True,PRE_INTERVENTION|NEAR_INTERVENTION
2021-11-17,sentinel2,20211117T075211_20211117T075212_T36NXF,PRE,0.0,3.013159,True,True,PRE_INTERVENTION|NEAR_INTERVENTION
2021-11-22,sentinel2,20211122T075139_20211122T080450_T36NXF,PRE,100.0,69.1161,True,False,HIGH_AOI_CLOUD|PRE_INTERVENTION|NEAR_INTERVENTION
2021-11-27,sentinel2,20211127T075251_20211127T075249_T36NXF,PRE,5.08,18.242716,True,True,PRE_INTERVENTION|NEAR_INTERVENTION
2021-12-01,viirs,20211201,PRE,0.0,,True,True,PRE_INTERVENTION|NEAR_INTERVENTION
2021-12-02,sentinel2,20211202T075209_20211202T080526_T36NXF,PRE,0.0,9.666982,True,True,PRE_INTERVENTION|NEAR_INTERVENTION
2021-12-07,sentinel2,20211207T075321_20211207T075316_T36NXF,PRE,0.0,4.749463,True,True,PRE_INTERVENTION|NEAR_INTERVENTION
2021-12-12,sentinel2,20211212T075229_20211212T080506_T36NXF,PRE,0.0,0.307852,True,True,PRE_INTERVENTION|NEAR_INTERVENTION
2021-12-22,sentinel2,20211222T075229_20211222T080513_T36NXF,PRE,0.0,6.411459,True,True,PRE_INTERVENTION|NEAR_INTERVENTION
2021-12-27,sentinel2,20211227T075331_20211227T075333_T36NXF,PRE,0.0,5.760147,True,True,PRE_INTERVENTION|NEAR_INTERVENTION
2022-01-01,sentinel2,20220101T075229_20220101T080431_T36NXF,POST,100.0,67.165582,True,False,HIGH_AOI_CLOUD|POST_INTERVENTION|NEAR_INTERVENTION
2022-01-01,viirs,20220101,POST,0.0,,True,True,POST_INTERVENTION|NEAR_INTERVENTION
2022-01-06,sentinel2,20220106T075321_20220106T075319_T36NXF,POST,0.0,8.909758,True,True,POST_INTERVENTION|NEAR_INTERVENTION
2022-01-11,sentinel2,20220111T075209_20220111T080450_T36NXF,POST,0.0,18.439841,True,True,POST_INTERVENTION|NEAR_INTERVENTION
2022-01-26,sentinel2,20220126T075211_20220126T075213_T36NXF,POST,0.0,0.000468,True,True,POST_INTERVENTION|NEAR_INTERVENTION
2022-02-01,viirs,20220201,POST,0.0,,True,True,POST_INTERVENTION|NEAR_INTERVENTION
2022-02-10,sentinel2,20220210T074959_20220210T080448_T36NXF,POST,99.42,69.870883,True,False,HIGH_AOI_CLOUD|POST_INTERVENTION|NEAR_INTERVENTION
2022-02-20,sentinel2,20220220T074939_20220220T080357_T36NXF,POST,73.93,34.588614,True,False,HIGH_AOI_CLOUD|POST_INTERVENTION|NEAR_INTERVENTION
2022-03-01,viirs,20220301,POST,0.0,,True,True,POST_INTERVENTION|NEAR_INTERVENTION
2022-03-02,sentinel2,20220302T074829_20220302T080414_T36NXF,POST,24.78,31.750602,True,True,POST_INTERVENTION|NEAR_INTERVENTION
2022-03-07,sentinel2,20220307T074801_20220307T075216_T36NXF,POST,0.0,0.610927,True,True,POST_INTERVENTION
2022-03-12,sentinel2,20220312T074719_20220312T080452_T36NXF,POST,0.0,0.024021,True,True,POST_INTERVENTION
2022-03-17,sentinel2,20220317T074651_20220317T075215_T36NXF,POST,100.0,68.070233,True,False,HIGH_AOI_CLOUD|POST_INTERVENTION
2022-03-22,sentinel2,20220322T074609_20220322T080451_T36NXF,POST,87.66,18.308984,True,False,HIGH_AOI_CLOUD|POST_INTERVENTION
2022-03-27,sentinel2,20220327T074611_20220327T075215_T36NXF,POST,0.0,7.716773,True,True,POST_INTERVENTION
2022-04-01,viirs,20220401,POST,0.0,,True,True,POST_INTERVENTION
2022-04-01,sentinel2,20220401T074609_20220401T080504_T36NXF,POST,0.0,1.266343,True,True,POST_INTERVENTION
2022-04-06,sentinel2,20220406T074611_20220406T075213_T36NXF,POST,0.0,5.201947,True,True,POST_INTERVENTION
2022-04-11,sentinel2,20220411T074609_20220411T080450_T36NXF,POST,0.0,3.615692,True,True,POST_INTERVENTION
2022-04-26,sentinel2,20220426T074621_20220426T075217_T36NXF,POST,0.0,25.437248,True,True,POST_INTERVENTION
2022-05-01,sentinel2,20220501T074609_20220501T080447_T36NXF,POST,21.19,55.589855,True,True,POST_INTERVENTION
2022-05-01,viirs,20220501,POST,0.0,,True,True,POST_INTERVENTION
2022-05-06,sentinel2,20220506T074621_20220506T075217_T36NXF,POST,0.0,11.273858,True,True,POST_INTERVENTION
2022-05-11,sentinel2,20220511T074609_20220511T080451_T36NXF,POST,0.0,0.998792,True,True,POST_INTERVENTION
2022-05-16,sentinel2,20220516T074621_20220516T080458_T36NXF,POST,0.0,4.235925,True,True,POST_INTERVENTION
2022-05-21,sentinel2,20220521T074609_20220521T080453_T36NXF,POST,0.0,13.342278,True,True,POST_INTERVENTION
2022-05-26,sentinel2,20220526T074621_20220526T080501_T36NXF,POST,0.0,23.149592,True,True,POST_INTERVENTION
2022-05-31,sentinel2,20220531T074609_20220531T080453_T36NXF,POST,3.96,6.901606,True,True,POST_INTERVENTION
2022-06-01,viirs,20220601,POST,0.0,,True,True,POST_INTERVENTION
2022-06-05,sentinel2,20220605T074621_20220605T080501_T36NXF,POST,1.5,22.356834,True,True,POST_INTERVENTION
2022-06-10,sentinel2,20220610T074619_20220610T080455_T36NXF,POST,60.86,20.820212,True,False,HIGH_AOI_CLOUD|POST_INTERVENTION
2022-06-15,sentinel2,20220615T074621_20220615T080504_T36NXF,POST,0.0,0.568571,True,True,POST_INTERVENTION
2022-06-30,sentinel2,20220630T074619_20220630T080346_T36NXF,POST,0.0,1.091204,True,True,POST_INTERVENTION
2022-07-01,viirs,20220701,POST,100.0,,True,True,HIGH_AOI_CLOUD|POST_INTERVENTION
2022-07-05,sentinel2,20220705T074621_20220705T080506_T36NXF,POST,17.67,31.75458,True,True,POST_INTERVENTION
2022-07-10,sentinel2,20220710T074619_20220710T080458_T36NXF,POST,0.0,44.580057,True,True,POST_INTERVENTION
2022-07-15,sentinel2,20220715T074621_20220715T080904_T36NXF,POST,69.65,56.377608,True,False,HIGH_AOI_CLOUD|POST_INTERVENTION
2022-07-20,sentinel2,20220720T074619_20220720T080458_T36NXF,POST,0.0,22.355722,True,True,POST_INTERVENTION
2022-07-25,sentinel2,20220725T074621_20220725T080504_T36NXF,POST,0.0,8.622566,True,True,POST_INTERVENTION
2022-07-30,sentinel2,20220730T074619_20220730T080458_T36NXF,POST,0.0,28.297308,True,True,POST_INTERVENTION
2022-08-01,viirs,20220801,POST,0.0,,True,True,POST_INTERVENTION
2022-08-04,sentinel2,20220804T074621_20220804T080504_T36NXF,POST,0.0,18.058437,True,True,POST_INTERVENTION
2022-08-09,sentinel2,20220809T074619_20220809T080457_T36NXF,POST,60.44,24.47049,True,False,HIGH_AOI_CLOUD|POST_INTERVENTION
2022-08-14,sentinel2,20220814T074621_20220814T080506_T36NXF,POST,20.79,32.259703,True,True,POST_INTERVENTION
2022-08-19,sentinel2,20220819T074619_20220819T080455_T36NXF,POST,0.0,21.583451,True,True,POST_INTERVENTION
2022-08-24,sentinel2,20220824T074621_20220824T080506_T36NXF,POST,0.0,2.242766,True,True,POST_INTERVENTION
2022-09-01,viirs,20220901,POST,0.0,,True,True,POST_INTERVENTION
2022-09-03,sentinel2,20220903T074621_20220903T080505_T36NXF,POST,79.57,54.818946,True,False,HIGH_AOI_CLOUD|POST_INTERVENTION
2022-09-08,sentinel2,20220908T074619_20220908T080346_T36NXF,POST,0.0,37.245274,True,True,POST_INTERVENTION
2022-09-13,sentinel2,20220913T074621_20220913T080503_T36NXF,POST,43.88,48.384145,True,False,HIGH_AOI_CLOUD|POST_INTERVENTION
2022-09-18,sentinel2,20220918T074619_20220918T080455_T36NXF,POST,0.0,2.235225,True,True,POST_INTERVENTION
2022-09-23,sentinel2,20220923T074641_20220923T080500_T36NXF,POST,0.0,7.569385,True,True,POST_INTERVENTION
2022-09-28,sentinel2,20220928T074709_20220928T080452_T36NXF,POST,4.79,54.605752,True,True,POST_INTERVENTION
2022-10-01,viirs,20221001,POST,0.0,,True,True,POST_INTERVENTION
2022-10-03,sentinel2,20221003T074751_20221003T080501_T36NXF,POST,43.47,58.550358,True,False,HIGH_AOI_CLOUD|POST_INTERVENTION
2022-10-13,sentinel2,20221013T074851_20221013T080457_T36NXF,POST,0.0,2.429597,True,True,POST_INTERVENTION
2022-10-18,sentinel2,20221018T074919_20221018T080453_T36NXF,POST,70.73,33.32701,True,False,HIGH_AOI_CLOUD|POST_INTERVENTION
2022-10-23,sentinel2,20221023T075001_20221023T080455_T36NXF,POST,0.0,2.680479,True,True,POST_INTERVENTION
2022-10-28,sentinel2,20221028T075009_20221028T080450_T36NXF,POST,100.0,28.662521,True,False,HIGH_AOI_CLOUD|POST_INTERVENTION
2022-11-01,viirs,20221101,POST,0.0,,True,True,POST_INTERVENTION
2022-11-02,sentinel2,20221102T075101_20221102T075216_T36NXF,POST,100.0,59.635502,True,False,HIGH_AOI_CLOUD|POST_INTERVENTION
2022-11-22,sentinel2,20221122T075231_20221122T080500_T36NXF,POST,100.0,67.992651,True,False,HIGH_AOI_CLOUD|POST_INTERVENTION
2022-11-27,sentinel2,20221127T075159_20221127T080452_T36NXF,POST,100.0,67.681426,True,False,HIGH_AOI_CLOUD|POST_INTERVENTION
2022-12-01,viirs,20221201,POST,0.0,,True,True,POST_INTERVENTION
2022-12-02,sentinel2,20221202T075301_20221202T080533_T36NXF,POST,0.0,5.420559,True,True,POST_INTERVENTION
2022-12-07,sentinel2,20221207T075219_20221207T080500_T36NXF,POST,0.0,47.482371,True,True,POST_INTERVENTION
2022-12-12,sentinel2,20221212T075331_20221212T080555_T36NXF,POST,9.13,69.91474,True,True,POST_INTERVENTION
2022-12-17,sentinel2,20221217T075239_20221217T080514_T36NXF,POST,76.07,43.987998,True,False,HIGH_AOI_CLOUD|POST_INTERVENTION
2022-12-22,sentinel2,20221222T075331_20221222T080600_T36NXF,POST,53.24,38.398072,True,False,HIGH_AOI_CLOUD|POST_INTERVENTION
2023-01-01,viirs,20230101,POST,0.0,,True,True,POST_INTERVENTION
2023-01-01,sentinel2,20230101T075331_20230101T080556_T36NXF,POST,0.0,0.295105,True,True,POST_INTERVENTION
2023-01-06,sentinel2,20230106T075219_20230106T080450_T36NXF,POST,0.0,0.614859,True,True,POST_INTERVENTION
2023-01-11,sentinel2,20230111T075301_20230111T080534_T36NXF,POST,0.0,11.28493,True,True,POST_INTERVENTION
2023-01-16,sentinel2,20230116T075149_20230116T080450_T36NXF,POST,0.0,6.386276,True,True,POST_INTERVENTION
2023-01-21,sentinel2,20230121T075231_20230121T080456_T36NXF,POST,0.0,0.00704,True,True,POST_INTERVENTION
2023-01-26,sentinel2,20230126T075109_20230126T080451_T36NXF,POST,0.0,20.09213,True,True,POST_INTERVENTION
2023-01-31,sentinel2,20230131T075141_20230131T080449_T36NXF,POST,0.0,0.827253,True,True,POST_INTERVENTION
2023-02-01,viirs,20230201,POST,0.0,,True,True,POST_INTERVENTION
2023-02-05,sentinel2,20230205T075019_20230205T080451_T36NXF,POST,0.0,0.674407,True,True,POST_INTERVENTION
2023-02-10,sentinel2,20230210T075051_20230210T080451_T36NXF,POST,0.0,5.50605,True,True,POST_INTERVENTION
2023-02-15,sentinel2,20230215T075009_20230215T080452_T36NXF,POST,0.0,5.56668,True,True,POST_INTERVENTION
2023-02-20,sentinel2,20230220T074941_20230220T080450_T36NXF,POST,0.0,0.0,True,True,POST_INTERVENTION
2023-02-25,sentinel2,20230225T074909_20230225T080454_T36NXF,POST,26.1,8.862758,True,True,POST_INTERVENTION
2023-03-01,viirs,20230301,POST,0.0,,True,True,POST_INTERVENTION
2023-03-02,sentinel2,20230302T074831_20230302T080451_T36NXF,POST,62.08,34.316856,True,False,HIGH_AOI_CLOUD|POST_INTERVENTION
2023-03-17,sentinel2,20230317T074649_20230317T080456_T36NXF,POST,100.0,36.928794,True,False,HIGH_AOI_CLOUD|POST_INTERVENTION
2023-03-22,sentinel2,20230322T074611_20230322T080452_T36NXF,POST,100.0,66.466635,True,False,HIGH_AOI_CLOUD|POST_INTERVENTION
2023-03-27,sentinel2,20230327T074619_20230327T080456_T36NXF,POST,68.02,37.336808,True,False,HIGH_AOI_CLOUD|POST_INTERVENTION
2023-04-01,viirs,20230401,POST,0.0,,True,True,POST_INTERVENTION
2023-04-06,sentinel2,20230406T074619_20230406T080952_T36NXF,POST,100.0,55.511719,True,False,HIGH_AOI_CLOUD|POST_INTERVENTION
2023-04-11,sentinel2,20230411T074611_20230411T080453_T36NXF,POST,0.0,18.173864,True,True,POST_INTERVENTION
2023-04-16,sentinel2,20230416T074609_20230416T080454_T36NXF,POST,69.06,56.340742,True,False,HIGH_AOI_CLOUD|POST_INTERVENTION
2023-04-26,sentinel2,20230426T074619_20230426T080455_T36NXF,POST,47.07,45.408008,True,False,HIGH_AOI_CLOUD|POST_INTERVENTION
2023-05-01,viirs,20230501,POST,0.0,,True,True,POST_INTERVENTION
2023-05-06,sentinel2,20230506T074619_20230506T080456_T36NXF,POST,0.0,2.885594,True,True,POST_INTERVENTION
2023-05-11,sentinel2,20230511T074611_20230511T080448_T36NXF,POST,37.6,15.076722,True,True,POST_INTERVENTION
2023-05-16,sentinel2,20230516T074619_20230516T080453_T36NXF,POST,0.0,1.944088,True,True,POST_INTERVENTION
2023-05-21,sentinel2,20230521T074611_20230521T080451_T36NXF,POST,0.0,2.243085,True,True,POST_INTERVENTION
2023-05-26,sentinel2,20230526T074619_20230526T080453_T36NXF,POST,0.0,14.324246,True,True,POST_INTERVENTION
2023-05-31,sentinel2,20230531T074621_20230531T080453_T36NXF,POST,99.51,65.354276,True,False,HIGH_AOI_CLOUD|POST_INTERVENTION
2023-06-01,viirs,20230601,POST,0.0,,True,True,POST_INTERVENTION
2023-06-10,sentinel2,20230610T074621_20230610T080453_T36NXF,POST,99.99,41.817266,True,False,HIGH_AOI_CLOUD|POST_INTERVENTION
2023-06-15,sentinel2,20230615T074619_20230615T080200_T36NXF,POST,27.81,25.208652,True,True,POST_INTERVENTION
2023-06-20,sentinel2,20230620T074621_20230620T080453_T36NXF,POST,100.0,51.048356,True,False,HIGH_AOI_CLOUD|POST_INTERVENTION
2023-06-25,sentinel2,20230625T074619_20230625T080453_T36NXF,POST,3.08,45.391417,True,True,POST_INTERVENTION
2023-07-01,viirs,20230701,POST,0.0,,True,True,POST_INTERVENTION
2023-07-05,sentinel2,20230705T074619_20230705T080454_T36NXF,POST,0.0,33.113235,True,True,POST_INTERVENTION
2023-07-10,sentinel2,20230710T074621_20230710T080454_T36NXF,POST,49.14,19.203831,True,False,HIGH_AOI_CLOUD|POST_INTERVENTION
2023-07-15,sentinel2,20230715T074619_20230715T080454_T36NXF,POST,0.0,7.216804,True,True,POST_INTERVENTION
2023-07-20,sentinel2,20230720T074621_20230720T080453_T36NXF,POST,26.33,41.03772,True,True,POST_INTERVENTION
2023-07-25,sentinel2,20230725T074619_20230725T075912_T36NXF,POST,100.0,42.901221,True,False,HIGH_AOI_CLOUD|POST_INTERVENTION
2023-07-30,sentinel2,20230730T074621_20230730T080454_T36NXF,POST,92.25,21.824874,True,False,HIGH_AOI_CLOUD|POST_INTERVENTION
2023-08-01,viirs,20230801,POST,0.0,,True,True,POST_INTERVENTION
2023-08-04,sentinel2,20230804T074619_20230804T080453_T36NXF,POST,0.16,33.234227,True,True,POST_INTERVENTION
2023-08-14,sentinel2,20230814T074619_20230814T080122_T36NXF,POST,0.0,1.603123,True,True,POST_INTERVENTION
2023-08-19,sentinel2,20230819T074621_20230819T080821_T36NXF,POST,0.0,15.997903,True,True,POST_INTERVENTION
2023-08-24,sentinel2,20230824T074619_20230824T075932_T36NXF,POST,0.0,0.746235,True,True,POST_INTERVENTION
2023-08-29,sentinel2,20230829T074621_20230829T080816_T36NXF,POST,0.0,3.833859,True,True,POST_INTERVENTION
2023-09-01,viirs,20230901,POST,0.0,,True,True,POST_INTERVENTION
2023-09-03,sentinel2,20230903T074619_20230903T080037_T36NXF,POST,0.0,0.519846,True,True,POST_INTERVENTION
2023-09-08,sentinel2,20230908T074621_20230908T080903_T36NXF,POST,0.0,1.075159,True,True,POST_INTERVENTION
2023-09-13,sentinel2,20230913T074619_20230913T080036_T36NXF,POST,0.0,1.084542,True,True,POST_INTERVENTION
2023-09-23,sentinel2,20230923T074629_20230923T080452_T36NXF,POST,13.04,8.709036,True,True,POST_INTERVENTION
2023-09-28,sentinel2,20230928T074711_20230928T080659_T36NXF,POST,100.0,43.192548,True,False,HIGH_AOI_CLOUD|POST_INTERVENTION
2023-10-01,viirs,20231001,POST,0.0,,True,True,POST_INTERVENTION
2023-10-03,sentinel2,20231003T074739_20231003T080449_T36NXF,POST,0.0,7.525539,True,True,POST_INTERVENTION
2023-10-08,sentinel2,20231008T074811_20231008T080656_T36NXF,POST,0.0,12.865058,True,True,POST_INTERVENTION
2023-10-13,sentinel2,20231013T074849_20231013T080451_T36NXF,POST,0.0,3.881503,True,True,POST_INTERVENTION
2023-10-18,sentinel2,20231018T074921_20231018T080658_T36NXF,POST,28.48,29.893327,True,True,POST_INTERVENTION
2023-10-23,sentinel2,20231023T074959_20231023T080451_T36NXF,POST,0.0,14.574063,True,True,POST_INTERVENTION
2023-11-01,viirs,20231101,POST,0.0,,True,True,POST_INTERVENTION
2023-11-12,sentinel2,20231112T075059_20231112T080450_T36NXF,POST,52.54,32.02312,True,False,HIGH_AOI_CLOUD|POST_INTERVENTION
2023-11-17,sentinel2,20231117T075211_20231117T080434_T36NXF,POST,100.0,50.834852,True,False,HIGH_AOI_CLOUD|POST_INTERVENTION
2023-11-27,sentinel2,20231127T075241_20231127T080508_T36NXF,POST,84.69,49.821633,True,False,HIGH_AOI_CLOUD|POST_INTERVENTION
2023-12-01,viirs,20231201,POST,0.0,,True,True,POST_INTERVENTION
2023-12-02,sentinel2,20231202T075209_20231202T080446_T36NXF,POST,0.0,15.555051,True,True,POST_INTERVENTION
2023-12-07,sentinel2,20231207T075311_20231207T080537_T36NXF,POST,0.0,9.004801,True,True,POST_INTERVENTION
2023-12-12,sentinel2,20231212T075229_20231212T080454_T36NXF,POST,100.0,43.999249,True,False,HIGH_AOI_CLOUD|POST_INTERVENTION
2023-12-17,sentinel2,20231217T075331_20231217T080554_T36NXF,POST,0.0,1.416233,True,True,POST_INTERVENTION
2023-12-22,sentinel2,20231222T075239_20231222T080508_T36NXF,POST,0.0,5.111947,True,True,POST_INTERVENTION
2024-01-01,viirs,20240101,POST,0.0,,True,True,POST_INTERVENTION
2024-01-06,sentinel2,20240106T075321_20240106T080543_T36NXF,POST,7.56,11.536073,True,True,POST_INTERVENTION
2024-01-11,sentinel2,20240111T075209_20240111T080447_T36NXF,POST,100.0,55.375969,True,False,HIGH_AOI_CLOUD|POST_INTERVENTION
2024-01-16,sentinel2,20240116T075241_20240116T080511_T36NXF,POST,74.73,51.944,True,False,HIGH_AOI_CLOUD|POST_INTERVENTION
2024-01-26,sentinel2,20240126T075211_20240126T080433_T36NXF,POST,8.35,13.492215,True,True,POST_INTERVENTION
2024-01-31,sentinel2,20240131T075049_20240131T080446_T36NXF,POST,0.01,16.32769,True,True,POST_INTERVENTION
2024-02-01,viirs,20240201,POST,0.0,,True,True,POST_INTERVENTION
2024-02-05,sentinel2,20240205T075121_20240205T080445_T36NXF,POST,100.0,58.053625,True,False,HIGH_AOI_CLOUD|POST_INTERVENTION
2024-02-10,sentinel2,20240210T075009_20240210T080450_T36NXF,POST,79.73,37.56288,True,False,HIGH_AOI_CLOUD|POST_INTERVENTION
2024-02-20,sentinel2,20240220T074949_20240220T080450_T36NXF,POST,0.0,13.910446,True,True,POST_INTERVENTION
2024-03-01,viirs,20240301,POST,0.0,,True,True,POST_INTERVENTION
2024-03-01,sentinel2,20240301T074839_20240301T080447_T36NXF,POST,34.59,57.134128,True,True,POST_INTERVENTION
2024-03-06,sentinel2,20240306T074801_20240306T080450_T36NXF,POST,23.31,31.769428,True,True,POST_INTERVENTION
2024-03-11,sentinel2,20240311T074719_20240311T080442_T36NXF,POST,0.0,5.477165,True,True,POST_INTERVENTION
2024-03-16,sentinel2,20240316T074651_20240316T080447_T36NXF,POST,0.0,1.789271,True,True,POST_INTERVENTION
2024-03-21,sentinel2,20240321T074609_20240321T080508_T36NXF,POST,34.8,11.771447,True,True,POST_INTERVENTION
2024-03-26,sentinel2,20240326T074611_20240326T080450_T36NXF,POST,19.01,60.361248,True,True,POST_INTERVENTION
2024-04-01,viirs,20240401,POST,0.0,,True,True,POST_INTERVENTION
2024-04-05,sentinel2,20240405T074611_20240405T080446_T36NXF,POST,0.0,27.207845,True,True,POST_INTERVENTION
2024-04-10,sentinel2,20240410T074609_20240410T080448_T36NXF,POST,91.08,31.893995,True,False,HIGH_AOI_CLOUD|POST_INTERVENTION
2024-04-15,sentinel2,20240415T074611_20240415T080625_T36NXF,POST,54.88,44.251639,True,False,HIGH_AOI_CLOUD|POST_INTERVENTION
2024-04-20,sentinel2,20240420T074609_20240420T080449_T36NXF,POST,82.04,28.509861,True,False,HIGH_AOI_CLOUD|POST_INTERVENTION
2024-04-30,sentinel2,20240430T074609_20240430T080448_T36NXF,POST,0.0,4.290722,True,True,POST_INTERVENTION
2024-05-01,viirs,20240501,POST,0.0,,True,True,POST_INTERVENTION
2024-05-05,sentinel2,20240505T074611_20240505T080451_T36NXF,POST,99.78,38.297078,True,False,HIGH_AOI_CLOUD|POST_INTERVENTION
2024-05-10,sentinel2,20240510T074609_20240510T080449_T36NXF,POST,92.02,33.330965,True,False,HIGH_AOI_CLOUD|POST_INTERVENTION
2024-05-15,sentinel2,20240515T074611_20240515T075910_T36NXF,POST,100.0,63.709992,True,False,HIGH_AOI_CLOUD|POST_INTERVENTION
2024-05-20,sentinel2,20240520T074609_20240520T080514_T36NXF,POST,98.27,34.083727,True,False,HIGH_AOI_CLOUD|POST_INTERVENTION
2024-05-25,sentinel2,20240525T074611_20240525T080343_T36NXF,POST,100.0,24.399388,True,False,HIGH_AOI_CLOUD|POST_INTERVENTION
2024-05-30,sentinel2,20240530T074609_20240530T080924_T36NXF,POST,0.0,1.570695,True,True,POST_INTERVENTION
2024-06-04,sentinel2,20240604T074621_20240604T080444_T36NXF,POST,0.0,10.365122,True,True,POST_INTERVENTION
2024-06-04,viirs,20240604,POST,0.0,,True,True,POST_INTERVENTION
2024-06-19,sentinel2,20240619T074619_20240619T080451_T36NXF,POST,0.0,11.820479,True,True,POST_INTERVENTION
2024-07-01,viirs,20240701,POST,0.0,,True,True,POST_INTERVENTION
2024-07-04,sentinel2,20240704T074611_20240704T080445_T36NXF,POST,0.0,2.561129,True,True,POST_INTERVENTION
2024-07-09,sentinel2,20240709T074619_20240709T080451_T36NXF,POST,0.0,7.944761,True,True,POST_INTERVENTION
2024-07-14,sentinel2,20240714T074611_20240714T080734_T36NXF,POST,0.0,4.26257,True,True,POST_INTERVENTION
2024-07-19,sentinel2,20240719T074619_20240719T080518_T36NXF,POST,0.08,10.769656,True,True,POST_INTERVENTION
2024-07-24,sentinel2,20240724T074611_20240724T080618_T36NXF,POST,26.9,44.644383,True,True,POST_INTERVENTION
2024-08-01,viirs,20240801,POST,0.0,,True,True,POST_INTERVENTION
2024-08-03,sentinel2,20240803T074611_20240803T080904_T36NXF,POST,0.0,30.555561,True,True,POST_INTERVENTION
2024-08-08,sentinel2,20240808T074619_20240808T080235_T36NXF,POST,0.0,7.826679,True,True,POST_INTERVENTION
2024-08-13,sentinel2,20240813T074611_20240813T080642_T36NXF,POST,0.0,1.176058,True,True,POST_INTERVENTION
2024-08-23,sentinel2,20240823T074611_20240823T080844_T36NXF,POST,0.0,6.219638,True,True,POST_INTERVENTION
2024-08-28,sentinel2,20240828T074609_20240828T080233_T36NXF,POST,0.0,7e-06,True,True,POST_INTERVENTION
2024-09-01,viirs,20240901,POST,0.0,,True,True,POST_INTERVENTION
2024-09-07,sentinel2,20240907T074619_20240907T080444_T36NXF,POST,0.3,40.986639,True,True,POST_INTERVENTION
2024-09-12,sentinel2,20240912T080601_20240912T080707_T36NXF,POST,8.22,3.433479,True,True,POST_INTERVENTION
2024-09-17,sentinel2,20240917T074609_20240917T080302_T36NXF,POST,0.0,3.212209,True,True,POST_INTERVENTION
2024-09-22,sentinel2,20240922T074631_20240922T080448_T36NXF,POST,0.0,14.018121,True,True,POST_INTERVENTION
2024-09-27,sentinel2,20240927T074609_20240927T080448_T36NXF,POST,0.0,2.484395,True,True,POST_INTERVENTION
2024-10-01,viirs,20241001,POST,0.0,,True,True,POST_INTERVENTION
2024-10-02,sentinel2,20241002T074731_20241002T080448_T36NXF,POST,0.0,13.553821,True,True,POST_INTERVENTION
2024-10-07,sentinel2,20241007T074719_20241007T080449_T36NXF,POST,17.24,44.513234,True,True,POST_INTERVENTION
2024-10-12,sentinel2,20241012T074841_20241012T080447_T36NXF,POST,9.11,20.468068,True,True,POST_INTERVENTION
2024-10-17,sentinel2,20241017T074829_20241017T080449_T36NXF,POST,0.0,6.859519,True,True,POST_INTERVENTION
2024-10-22,sentinel2,20241022T074951_20241022T080449_T36NXF,POST,3.36,8.236592,True,True,POST_INTERVENTION
2024-10-27,sentinel2,20241027T074929_20241027T080450_T36NXF,POST,93.42,62.647516,True,False,HIGH_AOI_CLOUD|POST_INTERVENTION
2024-11-01,viirs,20241101,POST,0.0,,True,True,POST_INTERVENTION
2024-11-06,sentinel2,20241106T075019_20241106T080443_T36NXF,POST,0.0,53.748888,True,True,POST_INTERVENTION
2024-11-26,sentinel2,20241126T075159_20241126T080451_T36NXF,POST,12.31,13.441131,True,True,POST_INTERVENTION
2024-12-01,sentinel2,20241201T075301_20241201T080529_T36NXF,POST,10.77,37.331444,True,True,POST_INTERVENTION
2024-12-01,viirs,20241201,POST,0.0,,True,True,POST_INTERVENTION
2024-12-06,sentinel2,20241206T075219_20241206T080449_T36NXF,POST,0.42,15.638933,True,True,POST_INTERVENTION
2024-12-11,sentinel2,20241211T075351_20241211T080434_T36NXF,POST,0.0,3.502201,True,True,POST_INTERVENTION
2024-12-11,sentinel2,20241211T075331_20241211T080552_T36NXF,POST,0.0,3.419567,True,True,POST_INTERVENTION
2024-12-16,sentinel2,20241216T075239_20241216T080505_T36NXF,POST,100.0,47.196645,True,False,HIGH_AOI_CLOUD|POST_INTERVENTION
2024-12-26,sentinel2,20241226T075239_20241226T080506_T36NXF,POST,41.6,30.272755,True,False,HIGH_AOI_CLOUD|POST_INTERVENTION
