date,source,image_id,pre_post,aoi_cloud_pct,tile_cloud_pct,NDVI_mean,NDVI_std,NDVI_min,NDVI_max,NDVI_p10,NDVI_p25,NDVI_p50,NDVI_p75,NDVI_p90,BSI_mean,BSI_std,BSI_min,BSI_max,BSI_p10,BSI_p25,BSI_p50,BSI_p75,BSI_p90,NDMI_mean,NDMI_std,NDMI_min,NDMI_max,NDMI_p10,NDMI_p25,NDMI_p50,NDMI_p75,NDMI_p90,NDWI_mean,NDWI_std,NDWI_min,NDWI_max,NDWI_p10,NDWI_p25,NDWI_p50,NDWI_p75,NDWI_p90,chirps_30d_mm,flags,mgrs_tile,orbit_number,processing_baseline
2019-01-02,sentinel2,20190102T075321_20190102T075634_T36NXF,PRE,0.0,1.208526,0.611673,0.10954,0.107305,0.853455,0.466722,0.552757,0.626958,0.689416,0.740084,-0.037528,0.086776,-0.349664,0.308144,-0.14616,-0.095605,-0.040911,0.0175,0.072328,0.123767,0.081985,-0.254104,0.41585,0.0212,0.072365,0.126891,0.177597,0.224635,-0.591249,0.067226,-0.776824,-0.132343,-0.669755,-0.63482,-0.595749,-0.556649,-0.509645,168.797,PRE_INTERVENTION,36NXF,135,02.11
2019-01-07,sentinel2,20190107T075319_20190107T080915_T36NXF,PRE,0.0,1.535161,0.575316,0.113913,0.088149,0.86739,0.427752,0.50593,0.58403,0.654123,0.713033,-0.001072,0.091764,-0.368154,0.3223,-0.11508,-0.060517,-0.002071,0.060693,0.115147,0.076674,0.088486,-0.283341,0.426215,-0.037035,0.021541,0.07617,0.130835,0.189485,-0.586104,0.068634,-0.785529,-0.123013,-0.669909,-0.627011,-0.587954,-0.548821,-0.505856,140.195,PRE_INTERVENTION,36NXF,135,02.11
2019-01-12,sentinel2,20190112T075301_20190112T075614_T36NXF,PRE,0.0,10.332992,0.52399,0.113228,0.092343,0.830355,0.377021,0.451074,0.529152,0.603535,0.666029,0.03507,0.084271,-0.309548,0.296716,-0.076113,-0.017619,0.040891,0.091792,0.138772,0.048313,0.081808,-0.270063,0.373101,-0.052824,-0.005871,0.045044,0.099638,0.154582,-0.563096,0.068179,-0.762182,-0.135646,-0.646565,-0.607397,-0.564388,-0.525477,-0.482481,75.818,PRE_INTERVENTION,36NXF,135,02.11
2019-01-17,sentinel2,20190117T075249_20190117T080836_T36NXF,PRE,0.0,4.038922,0.540046,0.12349,0.082073,0.869292,0.376598,0.459031,0.548943,0.6269,0.693235,0.042431,0.09591,-0.351233,0.33757,-0.083834,-0.013493,0.04491,0.1074,0.162094,0.04382,0.094631,-0.296888,0.422269,-0.07238,-0.01757,0.041048,0.099649,0.166002,-0.563873,0.074861,-0.779677,-0.074477,-0.658266,-0.611321,-0.564431,-0.521565,-0.474541,35.769,PRE_INTERVENTION,36NXF,135,02.11
2019-01-22,sentinel2,20190122T075221_20190122T075539_T36NXF,PRE,0.0,0.175152,0.568942,0.114279,0.101471,0.839004,0.416226,0.501931,0.57999,0.646471,0.705071,0.000756,0.091287,-0.326746,0.32114,-0.111476,-0.05672,-0.001996,0.056623,0.119104,0.08849,0.088894,-0.271892,0.410203,-0.025388,0.03327,0.091872,0.146486,0.197291,-0.561828,0.069986,-0.759977,-0.111837,-0.646618,-0.607409,-0.564501,-0.525487,-0.478529,41.166,PRE_INTERVENTION,36NXF,135,02.11
2019-02-01,sentinel2,20190201T075141_20190201T080139_T36NXF,PRE,0.0,0.033922,0.460123,0.113596,0.106928,0.810099,0.318243,0.384799,0.459119,0.537112,0.607566,0.087626,0.082126,-0.279826,0.31968,-0.021321,0.037173,0.095645,0.142671,0.185451,-0.008313,0.082754,-0.259994,0.352075,-0.111239,-0.064421,-0.013806,0.040989,0.099731,-0.527698,0.068599,-0.742208,-0.161137,-0.615258,-0.572092,-0.525358,-0.486297,-0.447361,19.617,PRE_INTERVENTION,36NXF,135,05.00
2019-02-06,sentinel2,20190206T075109_20190206T080454_T36NXF,PRE,0.0,39.857907,0.419607,0.114523,0.079088,0.792852,0.279349,0.337817,0.412078,0.49413,0.572268,0.110535,0.083525,-0.260622,0.307375,-0.001561,0.064576,0.119137,0.169921,0.209032,-0.033659,0.086271,-0.275744,0.335532,-0.134659,-0.0957,-0.044744,0.017293,0.083881,-0.501172,0.070112,-0.72924,-0.13606,-0.591821,-0.544782,-0.497977,-0.455081,-0.419944,17.783,PRE_INTERVENTION,36NXF,135,02.11
2019-02-26,sentinel2,20190226T074859_20190226T080814_T36NXF,PRE,0.0,1.42259,0.42079,0.127556,0.084729,0.827771,0.263571,0.326125,0.412075,0.505897,0.595739,0.128116,0.094296,-0.302113,0.332987,0.002025,0.076198,0.142503,0.19739,0.236345,-0.063016,0.09848,-0.321555,0.350135,-0.177761,-0.134848,-0.076397,-0.005928,0.07236,-0.49714,0.077412,-0.747093,-0.124975,-0.599786,-0.544932,-0.490145,-0.447272,-0.408254,100.005,PRE_INTERVENTION,36NXF,135,02.11
2019-05-07,sentinel2,20190507T074619_20190507T080526_T36NXF,PRE,0.0,10.937658,0.561301,0.134697,0.056516,0.888476,0.384527,0.478477,0.57205,0.654223,0.728568,0.01357,0.10394,-0.360553,0.344513,-0.119219,-0.052717,0.017695,0.083932,0.142334,0.074307,0.099236,-0.278815,0.413023,-0.048788,0.009718,0.072299,0.138538,0.201234,-0.58135,0.083151,-0.800962,-0.077288,-0.681624,-0.634767,-0.584001,-0.533278,-0.478379,278.58,PRE_INTERVENTION,36NXF,135,02.12
2019-05-17,sentinel2,20190517T074619_20190517T075858_T36NXF,PRE,0.01,14.739789,0.598717,0.115214,0.062857,0.847529,0.443465,0.533333,0.615246,0.681737,0.728539,-0.050434,0.093282,-0.338002,0.294165,-0.162102,-0.115149,-0.052766,0.009648,0.068287,0.133602,0.08898,-0.235305,0.418704,0.017621,0.076002,0.138772,0.193299,0.240073,-0.582716,0.069161,-0.766801,-0.075145,-0.662213,-0.630833,-0.587871,-0.545001,-0.494084,314.269,PRE_INTERVENTION,36NXF,135,02.12
2019-05-27,sentinel2,20190527T074619_20190527T080335_T36NXF,PRE,5.32,20.755252,0.671099,0.130466,0.005452,0.895967,0.498142,0.611135,0.701259,0.763604,0.806605,-0.11186,0.102708,-0.403425,0.325806,-0.232408,-0.181516,-0.119157,-0.052574,0.021568,0.1992,0.093588,-0.250158,0.455913,0.080214,0.14657,0.208909,0.263765,0.306616,-0.619491,0.088433,-0.807882,-0.029506,-0.712807,-0.67782,-0.634818,-0.584049,-0.517847,280.486,PRE_INTERVENTION,36NXF,135,02.12
2019-06-01,sentinel2,20190601T074611_20190601T080825_T36NXF,PRE,39.32,53.068604,0.52102,0.186201,-0.031603,0.896509,0.283195,0.369057,0.52931,0.673786,0.763758,-0.09602,0.104448,-0.433411,0.397123,-0.228406,-0.165816,-0.099628,-0.029408,0.037023,0.210794,0.074781,-0.104111,0.459265,0.127053,0.158269,0.205089,0.259784,0.314594,-0.479757,0.155771,-0.817901,-0.041736,-0.68164,-0.611328,-0.490136,-0.341968,-0.275297,261.904,PRE_INTERVENTION,36NXF,135,02.12
2019-06-06,sentinel2,20190606T074619_20190606T080526_T36NXF,PRE,32.31,13.593349,0.461331,0.089604,0.227956,0.831683,0.361456,0.396564,0.447243,0.505989,0.583813,-0.116517,0.050661,-0.347931,0.14006,-0.180681,-0.143644,-0.114317,-0.086897,-0.059729,0.188777,0.037539,-0.039308,0.371628,0.15132,0.167032,0.184514,0.206014,0.235465,-0.412421,0.080382,-0.742993,-0.245835,-0.526385,-0.456178,-0.399474,-0.352577,-0.319374,234.256,PRE_INTERVENTION,36NXF,135,02.12
2019-06-16,sentinel2,20190616T074619_20190616T080736_T36NXF,PRE,0.24,21.816762,0.694865,0.121584,0.105785,0.908192,0.533148,0.642412,0.724519,0.779264,0.818417,-0.145909,0.101043,-0.450909,0.332689,-0.259694,-0.216887,-0.158255,-0.091969,-0.013535,0.233552,0.090658,-0.245803,0.495516,0.119064,0.185427,0.244127,0.294889,0.3378,-0.639757,0.082902,-0.820029,-0.154153,-0.724654,-0.693335,-0.654271,-0.60346,-0.541168,217.947,PRE_INTERVENTION,36NXF,135,02.12
2020-01-02,sentinel2,20200102T075229_20200102T080825_T36NXF,PRE,0.0,28.529342,0.671105,0.107111,0.073437,0.879269,0.52941,0.619208,0.689434,0.748056,0.783162,-0.106916,0.087336,-0.374673,0.259866,-0.21276,-0.166081,-0.111292,-0.056611,0.005753,0.182687,0.080523,-0.20784,0.435193,0.080174,0.1348,0.185471,0.236332,0.279327,-0.622558,0.068,-0.804905,-0.129111,-0.697239,-0.665959,-0.630949,-0.591959,-0.544822,257.606,PRE_INTERVENTION,36NXF,135,02.13
2020-01-07,sentinel2,20200107T075311_20200107T075626_T36NXF,PRE,0.02,16.996488,0.619539,0.104697,0.060241,0.833729,0.482371,0.56831,0.638707,0.693349,0.732417,-0.073039,0.085461,-0.367322,0.26134,-0.17391,-0.130821,-0.076207,-0.021448,0.037044,0.162969,0.080908,-0.177475,0.452202,0.060406,0.115188,0.166021,0.216658,0.259662,-0.58219,0.064343,-0.754541,-0.108225,-0.654394,-0.623011,-0.587826,-0.548832,-0.505758,213.739,PRE_INTERVENTION,36NXF,135,02.13
2020-01-12,sentinel2,20200112T075209_20200112T080017_T36NXF,PRE,10.19,59.631409,0.431736,0.093858,0.080803,0.717363,0.310568,0.365309,0.435512,0.497961,0.548638,-0.112019,0.078986,-0.36457,0.195754,-0.212759,-0.165972,-0.115207,-0.060636,-0.013552,0.182385,0.08044,-0.136116,0.456493,0.08806,0.130876,0.177595,0.232426,0.286982,-0.378936,0.083923,-0.639418,-0.112818,-0.490188,-0.431596,-0.377098,-0.318378,-0.267502,174.632,PRE_INTERVENTION,36NXF,135,02.13
2020-01-22,sentinel2,20200122T075129_20200122T080758_T36NXF,PRE,0.0,4.068732,0.581835,0.113399,0.059843,0.819045,0.431881,0.517675,0.599718,0.662083,0.708835,-0.02635,0.096829,-0.364906,0.292431,-0.146349,-0.087872,-0.029388,0.03324,0.099773,0.103978,0.095939,-0.22632,0.436902,-0.021472,0.045032,0.107479,0.165909,0.220695,-0.569888,0.067156,-0.759463,-0.139021,-0.646565,-0.611393,-0.576173,-0.537157,-0.486426,113.183,PRE_INTERVENTION,36NXF,135,02.13
2020-02-11,sentinel2,20200211T074959_20200211T080355_T36NXF,PRE,0.0,0.125338,0.629413,0.11881,0.032852,0.866532,0.466782,0.56429,0.650498,0.712967,0.759683,-0.054969,0.099094,-0.4,0.279426,-0.173879,-0.12296,-0.060527,0.005691,0.076205,0.126554,0.094389,-0.212546,0.459556,0.001975,0.068311,0.130929,0.18936,0.239903,-0.605943,0.07124,-0.796042,-0.01334,-0.685503,-0.650391,-0.615226,-0.56856,-0.5176,153.882,PRE_INTERVENTION,36NXF,135,05.00
2020-02-16,sentinel2,20200216T075011_20200216T080428_T36NXF,PRE,0.0,1.255338,0.615607,0.12882,0.035644,0.877158,0.435566,0.541143,0.638559,0.708997,0.759506,-0.029708,0.100246,-0.361451,0.300072,-0.150566,-0.095563,-0.037119,0.033113,0.103606,0.122366,0.093381,-0.235072,0.432829,-0.002027,0.064425,0.130912,0.185576,0.236368,-0.593887,0.077644,-0.798541,-0.074921,-0.681637,-0.642476,-0.60346,-0.552711,-0.494095,144.213,PRE_INTERVENTION,36NXF,135,02.14
2020-02-21,sentinel2,20200221T074939_20200221T080715_T36NXF,PRE,0.3,13.226041,0.609578,0.122239,0.078357,0.861138,0.439636,0.541109,0.634682,0.697191,0.744244,-0.04781,0.098464,-0.386331,0.28854,-0.166068,-0.115186,-0.05657,0.013354,0.087757,0.125671,0.094168,-0.248656,0.463867,-0.00184,0.068257,0.130797,0.189444,0.240197,-0.577623,0.076571,-0.781924,-0.111957,-0.662069,-0.626963,-0.587991,-0.541103,-0.48248,163.046,PRE_INTERVENTION,36NXF,135,02.14
2020-05-01,sentinel2,20200501T074609_20200501T080518_T36NXF,PRE,0.0,9.74159,0.644229,0.115843,0.026928,0.907158,0.498128,0.564599,0.650538,0.73212,0.790909,-0.119232,0.085,-0.413868,0.283899,-0.224609,-0.173774,-0.119131,-0.072325,-0.017595,0.211118,0.075964,-0.189027,0.483817,0.123145,0.169913,0.208811,0.25966,0.302767,-0.589206,0.085454,-0.832308,-0.106623,-0.693521,-0.650369,-0.595786,-0.533297,-0.474396,302.438,PRE_INTERVENTION,36NXF,135,02.14
2020-05-06,sentinel2,20200506T074621_20200506T080222_T36NXF,PRE,26.67,7.627832,0.641608,0.154412,-0.208404,0.905602,0.425413,0.566985,0.675586,0.753455,0.800758,-0.098829,0.112538,-0.44733,0.563644,-0.230135,-0.175639,-0.113336,-0.03515,0.042573,0.202652,0.093399,-0.178546,0.503098,0.083814,0.146476,0.208863,0.267508,0.314182,-0.588344,0.112932,-0.821401,-0.020501,-0.700963,-0.662161,-0.615227,-0.545008,-0.435411,341.041,PRE_INTERVENTION,36NXF,135,02.14
2020-05-16,sentinel2,20200516T074621_20200516T080324_T36NXF,PRE,0.0,17.783136,0.675365,0.107989,0.074214,0.913313,0.541045,0.623238,0.693374,0.748208,0.794977,-0.113278,0.089318,-0.377491,0.273909,-0.216928,-0.173956,-0.123072,-0.064383,-0.001791,0.215986,0.079144,-0.169584,0.453061,0.115232,0.173841,0.224615,0.267452,0.306465,-0.619216,0.073147,-0.840162,-0.124674,-0.704985,-0.666021,-0.623096,-0.579985,-0.5333,356.432,PRE_INTERVENTION,36NXF,135,02.14
2020-05-21,sentinel2,20200521T074609_20200521T080518_T36NXF,PRE,9.5,3.009041,0.686225,0.113167,0.056934,0.892617,0.540803,0.63069,0.709048,0.767713,0.802675,-0.126389,0.09927,-0.400484,0.276289,-0.244052,-0.193326,-0.134845,-0.068406,0.001763,0.212468,0.09089,-0.2248,0.480502,0.095569,0.161949,0.220796,0.271428,0.318485,-0.630127,0.071824,-0.812048,-0.149555,-0.709163,-0.677566,-0.638734,-0.595706,-0.541246,312.265,PRE_INTERVENTION,36NXF,135,02.14
2020-05-26,sentinel2,20200526T074621_20200526T080832_T36NXF,PRE,23.47,20.812364,0.662641,0.136893,-0.134986,0.869459,0.480645,0.605277,0.699449,0.753799,0.792985,-0.146949,0.104706,-0.443925,0.473545,-0.26777,-0.216739,-0.158201,-0.091807,-0.013539,0.238869,0.08969,-0.149529,0.517354,0.126934,0.1855,0.244143,0.298825,0.345654,-0.598189,0.099212,-0.786049,-0.006294,-0.693307,-0.662077,-0.619127,-0.56448,-0.470608,265.896,PRE_INTERVENTION,36NXF,135,02.14
2020-05-31,sentinel2,20200531T074619_20200531T080520_T36NXF,PRE,13.51,16.265079,0.674192,0.139543,0.014677,0.895535,0.486183,0.623015,0.712982,0.767428,0.806551,-0.137762,0.102285,-0.399775,0.309813,-0.255747,-0.208914,-0.150367,-0.080019,-0.002021,0.221818,0.09103,-0.20311,0.475641,0.103712,0.169981,0.232394,0.283235,0.330132,-0.612853,0.104943,-0.819693,-0.084097,-0.709003,-0.673859,-0.638644,-0.587949,-0.494039,243.668,PRE_INTERVENTION,36NXF,135,02.14
2020-06-05,sentinel2,20200605T074621_20200605T080829_T36NXF,PRE,0.0,34.110418,0.713968,0.11933,0.041018,0.911435,0.568513,0.669917,0.740287,0.794906,0.830033,-0.140876,0.100251,-0.425473,0.339028,-0.255746,-0.209018,-0.154284,-0.084027,-0.013451,0.239793,0.088185,-0.244193,0.499664,0.130769,0.193472,0.251962,0.298935,0.337927,-0.648906,0.077921,-0.832731,-0.126675,-0.736315,-0.697284,-0.6582,-0.615209,-0.564561,223.095,PRE_INTERVENTION,36NXF,135,02.14
2020-06-20,sentinel2,20200620T074619_20200620T080329_T36NXF,PRE,17.64,28.909835,0.539821,0.159222,-0.072429,0.813405,0.302687,0.451221,0.572253,0.658062,0.716867,-0.134614,0.101858,-0.458827,0.281212,-0.251871,-0.205139,-0.14637,-0.076088,-0.002031,0.22138,0.094575,-0.196291,0.497389,0.103402,0.161975,0.228524,0.287013,0.333785,-0.480872,0.135252,-0.730923,0.009336,-0.631005,-0.587984,-0.509747,-0.392321,-0.286742,166.609,PRE_INTERVENTION,36NXF,135,02.14
2020-06-25,sentinel2,20200625T074621_20200625T080202_T36NXF,PRE,0.0,1.4204,0.68047,0.116679,0.041842,0.877297,0.540733,0.638777,0.709047,0.759717,0.790975,-0.126892,0.098925,-0.403917,0.293692,-0.236178,-0.193333,-0.138745,-0.080112,-0.005879,0.229002,0.089751,-0.20283,0.49287,0.123159,0.185834,0.240149,0.287188,0.330094,-0.621526,0.072684,-0.796829,-0.092386,-0.70112,-0.669943,-0.63085,-0.587995,-0.536961,188.958,PRE_INTERVENTION,36NXF,135,02.14
2021-01-01,sentinel2,20210101T075331_20210101T075325_T36NXF,PRE,0.34,57.497501,0.532664,0.107177,0.069767,0.88631,0.40446,0.459197,0.529289,0.603395,0.669993,-0.067865,0.070129,-0.38468,0.271388,-0.146326,-0.107457,-0.068371,-0.029388,0.017569,0.16864,0.061118,-0.123091,0.471014,0.099703,0.138611,0.169852,0.201169,0.240285,-0.501033,0.089959,-0.840098,-0.104221,-0.615172,-0.560679,-0.501879,-0.439409,-0.388835,58.037,PRE_INTERVENTION,36NXF,135,02.14
2021-01-06,sentinel2,20210106T075219_20210106T080451_T36NXF,PRE,0.0,4.158636,0.593352,0.124013,0.051994,0.863456,0.431977,0.52154,0.607344,0.68171,0.740254,-0.022687,0.102641,-0.371655,0.311471,-0.153987,-0.087936,-0.021433,0.044773,0.103105,0.100535,0.100886,-0.259579,0.43458,-0.025313,0.037366,0.099599,0.166115,0.228585,-0.582897,0.076559,-0.788095,-0.119889,-0.673756,-0.630838,-0.587935,-0.54109,-0.490207,71.395,PRE_INTERVENTION,36NXF,135,02.14
2021-01-26,sentinel2,20210126T075109_20210126T080454_T36NXF,PRE,0.0,4.672891,0.58362,0.123035,0.095398,0.829356,0.419948,0.521639,0.603653,0.669898,0.720712,-0.035449,0.097737,-0.344054,0.288549,-0.154324,-0.099505,-0.041071,0.021529,0.091856,0.106987,0.095107,-0.209839,0.39913,-0.01364,0.052767,0.111339,0.169883,0.220686,-0.574746,0.072698,-0.767147,-0.150514,-0.658236,-0.623066,-0.580049,-0.537111,-0.478662,91.221,PRE_INTERVENTION,36NXF,135,02.14
2021-01-31,sentinel2,20210131T075141_20210131T075212_T36NXF,PRE,0.0,2.639062,0.533956,0.132435,0.057281,0.844779,0.361458,0.458814,0.545091,0.626981,0.693255,0.029229,0.100159,-0.349204,0.321457,-0.099733,-0.033225,0.029274,0.091929,0.15401,0.059138,0.09762,-0.228089,0.411028,-0.06443,-0.002059,0.060494,0.119154,0.181648,-0.556985,0.077888,-0.772926,-0.1133,-0.654347,-0.607249,-0.560576,-0.513593,-0.45896,81.983,PRE_INTERVENTION,36NXF,135,02.14
2021-02-05,sentinel2,20210205T075019_20210205T080523_T36NXF,PRE,0.0,1.214422,0.488277,0.134559,0.066878,0.837109,0.314439,0.400259,0.494087,0.583936,0.658098,0.063901,0.102972,-0.335158,0.325843,-0.068431,0.001898,0.068273,0.134904,0.189432,0.019717,0.103624,-0.248426,0.4,-0.107507,-0.052825,0.013585,0.084171,0.154198,-0.534463,0.078737,-0.757059,-0.123873,-0.634924,-0.584101,-0.537119,-0.48637,-0.43551,58.525,PRE_INTERVENTION,36NXF,135,02.14
2021-02-10,sentinel2,20210210T075041_20210210T075211_T36NXF,PRE,0.0,12.631378,0.455975,0.128728,0.059275,0.803969,0.290844,0.373086,0.455047,0.544921,0.623186,0.100399,0.093962,-0.281986,0.324258,-0.025373,0.044775,0.107471,0.166176,0.212755,0.008192,0.094329,-0.231013,0.368729,-0.107277,-0.056591,0.001807,0.068478,0.130766,-0.526846,0.076323,-0.74239,-0.138792,-0.627019,-0.576079,-0.525441,-0.478566,-0.431649,45.721,PRE_INTERVENTION,36NXF,135,02.14
2021-02-15,sentinel2,20210215T075009_20210215T080449_T36NXF,PRE,0.0,1.486415,0.513286,0.128327,0.071272,0.831902,0.341739,0.435619,0.521612,0.603576,0.669775,0.045956,0.100297,-0.329516,0.311086,-0.083848,-0.017514,0.048793,0.111356,0.169896,0.037779,0.100985,-0.241367,0.398821,-0.09184,-0.029222,0.033173,0.103448,0.169831,-0.536396,0.074415,-0.743605,-0.130841,-0.630875,-0.583842,-0.537121,-0.490133,-0.439713,51.489,PRE_INTERVENTION,36NXF,135,02.14
2021-02-20,sentinel2,20210220T074941_20210220T075211_T36NXF,PRE,0.0,30.848726,0.382437,0.053695,0.178915,0.532352,0.309519,0.352575,0.387683,0.420814,0.444302,0.011711,0.045207,-0.150991,0.153645,-0.045894,-0.018526,0.010671,0.042003,0.071256,0.068433,0.052282,-0.090206,0.254825,0.000849,0.034137,0.067394,0.102513,0.135781,-0.387303,0.033325,-0.497959,-0.219733,-0.426841,-0.4092,-0.38966,-0.368142,-0.342795,73.597,PRE_INTERVENTION,36NXF,135,02.14
2021-05-06,sentinel2,20210506T074609_20210506T080443_T36NXF,PRE,0.01,37.362533,0.660764,0.120744,0.042496,0.88586,0.501906,0.599716,0.681701,0.748079,0.790966,-0.104843,0.096497,-0.368385,0.286475,-0.224574,-0.173898,-0.111297,-0.044935,0.02548,0.202262,0.085795,-0.191563,0.442281,0.087779,0.150364,0.20895,0.2636,0.306484,-0.608981,0.078009,-0.80006,-0.122518,-0.697192,-0.658165,-0.615281,-0.572274,-0.521529,391.651,PRE_INTERVENTION,36NXF,135,03.00
2021-05-16,sentinel2,20210516T074609_20210516T080452_T36NXF,PRE,0.0,1.392036,0.677106,0.117532,0.058746,0.886695,0.529146,0.622845,0.701259,0.759681,0.798863,-0.112919,0.09733,-0.381697,0.309344,-0.232457,-0.177583,-0.119174,-0.05656,0.013748,0.20041,0.08896,-0.206016,0.453821,0.088191,0.150403,0.208987,0.259843,0.306461,-0.619377,0.074292,-0.789139,-0.166224,-0.701171,-0.665972,-0.630909,-0.584119,-0.533335,441.429,PRE_INTERVENTION,36NXF,135,03.00
2021-05-21,sentinel2,20210521T074611_20210521T075213_T36NXF,PRE,16.39,20.870399,0.638084,0.13972,-0.154619,0.858918,0.441173,0.581928,0.675623,0.738013,0.777454,-0.117523,0.09453,-0.39129,0.435918,-0.232211,-0.181733,-0.122936,-0.060524,0.001988,0.217031,0.081248,-0.182659,0.47099,0.114967,0.165972,0.220779,0.271338,0.318248,-0.579972,0.1083,-0.779224,-0.019223,-0.685526,-0.650456,-0.603554,-0.544884,-0.427725,421.243,PRE_INTERVENTION,36NXF,135,03.00
2021-05-26,sentinel2,20210526T074609_20210526T080454_T36NXF,PRE,0.0,16.457055,0.688711,0.121409,0.070131,0.893127,0.533222,0.638674,0.716792,0.775399,0.810407,-0.127508,0.104527,-0.411875,0.307037,-0.251942,-0.201033,-0.1347,-0.068496,0.005685,0.211727,0.09617,-0.227962,0.472914,0.087958,0.158143,0.220687,0.279149,0.326008,-0.631825,0.076995,-0.796966,-0.141779,-0.716884,-0.681687,-0.642521,-0.59578,-0.541038,363.237,PRE_INTERVENTION,36NXF,135,03.00
2021-06-05,sentinel2,20210605T074609_20210605T080534_T36NXF,PRE,0.0,1.990634,0.663254,0.119536,0.0588,0.876606,0.509948,0.611215,0.689402,0.744082,0.787179,-0.103307,0.103666,-0.39907,0.303453,-0.228512,-0.173753,-0.111351,-0.040986,0.029263,0.193473,0.098264,-0.229066,0.469169,0.068451,0.138675,0.201322,0.259643,0.310674,-0.617779,0.075005,-0.783377,-0.128318,-0.701205,-0.669908,-0.627008,-0.584043,-0.529578,224.796,PRE_INTERVENTION,36NXF,135,03.00
2021-06-10,sentinel2,20210610T074611_20210610T075213_T36NXF,PRE,0.41,1.474069,0.642454,0.129124,0.041567,0.880097,0.47441,0.583949,0.670019,0.732393,0.7792,-0.077141,0.108202,-0.389696,0.322688,-0.208907,-0.150414,-0.084118,-0.013769,0.064474,0.172759,0.102198,-0.227673,0.480487,0.041231,0.115376,0.181739,0.240147,0.294893,-0.610612,0.08046,-0.794352,-0.157948,-0.697301,-0.66595,-0.623036,-0.572179,-0.509995,123.013,PRE_INTERVENTION,36NXF,135,03.00
2021-06-15,sentinel2,20210615T074609_20210615T080454_T36NXF,PRE,3.35,49.165146,0.573626,0.140079,0.01691,0.854801,0.369277,0.505955,0.603478,0.673883,0.72471,-0.056909,0.093168,-0.336064,0.327283,-0.170062,-0.119005,-0.060528,-0.001885,0.060371,0.168187,0.08689,-0.208213,0.427929,0.060403,0.119204,0.173906,0.22842,0.271428,-0.571165,0.108175,-0.831479,-0.039093,-0.681692,-0.638739,-0.591823,-0.533353,-0.427834,76.643,PRE_INTERVENTION,36NXF,135,03.00
2021-06-20,sentinel2,20210620T074611_20210620T075213_T36NXF,PRE,0.0,5.13556,0.650692,0.135061,0.026304,0.909705,0.478407,0.587657,0.673853,0.744144,0.798796,-0.059775,0.106256,-0.3829,0.340735,-0.189361,-0.130786,-0.068435,0.001882,0.076113,0.179783,0.097029,-0.207649,0.478189,0.056494,0.123109,0.189444,0.243998,0.294857,-0.633128,0.089115,-0.843239,-0.096931,-0.740207,-0.689437,-0.638642,-0.587955,-0.529314,108.242,PRE_INTERVENTION,36NXF,135,03.00
2021-06-30,sentinel2,20210630T074611_20210630T080821_T36NXF,PRE,17.12,24.002366,0.541374,0.137208,-0.156266,0.825278,0.337787,0.466872,0.568526,0.642411,0.693361,-0.073593,0.090232,-0.349612,0.332819,-0.185355,-0.134645,-0.076258,-0.017517,0.041292,0.168123,0.089743,-0.193597,0.435791,0.060734,0.115237,0.169869,0.228537,0.279408,-0.500715,0.108605,-0.742758,-0.006569,-0.61532,-0.576156,-0.521367,-0.451365,-0.341727,118.199,PRE_INTERVENTION,36NXF,135,03.00
2022-01-06,sentinel2,20220106T075321_20220106T075319_T36NXF,POST,0.0,8.909758,0.587879,0.123114,0.069065,0.847214,0.427811,0.517483,0.603432,0.677664,0.732624,-0.01704,0.100726,-0.340487,0.356571,-0.146475,-0.083859,-0.017589,0.048799,0.107338,0.107689,0.097749,-0.281722,0.404344,-0.017558,0.044984,0.111256,0.173805,0.232291,-0.581673,0.076392,-0.77818,-0.126518,-0.673793,-0.630735,-0.587898,-0.541062,-0.490336,63.846,POST_INTERVENTION|NEAR_INTERVENTION,36NXF,135,03.01
2022-01-11,sentinel2,20220111T075209_20220111T080450_T36NXF,POST,13.07,18.439841,0.527705,0.129151,0.084936,0.84214,0.365146,0.443369,0.533329,0.622807,0.685462,0.020347,0.100028,-0.314594,0.315391,-0.111223,-0.044888,0.02521,0.08775,0.142786,0.050113,0.098893,-0.246599,0.38221,-0.072372,-0.017723,0.048845,0.115151,0.177513,-0.559063,0.078685,-0.777842,-0.159603,-0.654361,-0.611323,-0.560521,-0.513619,-0.462958,57.156,POST_INTERVENTION|NEAR_INTERVENTION,36NXF,135,03.01
2022-01-26,sentinel2,20220126T075211_20220126T075213_T36NXF,POST,0.0,0.000468,0.542863,0.120711,0.085007,0.813028,0.384667,0.474614,0.556756,0.630806,0.685397,0.017383,0.091504,-0.288932,0.318372,-0.099489,-0.044893,0.017439,0.076166,0.134594,0.069204,0.090056,-0.238897,0.365269,-0.048665,0.00979,0.068308,0.130906,0.18543,-0.560776,0.073486,-0.742033,-0.183716,-0.650395,-0.611332,-0.568318,-0.521444,-0.470769,101.97,POST_INTERVENTION|NEAR_INTERVENTION,36NXF,135,05.10
2022-05-06,sentinel2,20220506T074621_20220506T075217_T36NXF,POST,0.0,11.273858,0.674028,0.136032,0.023168,0.911016,0.493931,0.611329,0.705141,0.771478,0.814302,-0.093904,0.107549,-0.385683,0.346085,-0.220721,-0.170134,-0.103422,-0.033209,0.044761,0.19757,0.096126,-0.254137,0.446014,0.075875,0.146505,0.208928,0.263729,0.306676,-0.627643,0.083977,-0.822533,-0.117479,-0.716884,-0.681759,-0.638652,-0.58801,-0.525342,283.565,POST_INTERVENTION,36NXF,135,04.00
2022-05-11,sentinel2,20220511T074609_20220511T080451_T36NXF,POST,0.0,0.998792,0.671195,0.125235,0.05079,0.888141,0.505794,0.615337,0.701224,0.759738,0.798829,-0.114616,0.104228,-0.398456,0.302963,-0.236387,-0.185431,-0.126911,-0.056689,0.021602,0.197187,0.09603,-0.228444,0.460256,0.076194,0.146382,0.208929,0.263535,0.306481,-0.626457,0.076347,-0.800104,-0.171092,-0.708897,-0.677572,-0.638717,-0.591788,-0.53316,322.896,POST_INTERVENTION,36NXF,135,04.00
2022-05-16,sentinel2,20220516T074621_20220516T080458_T36NXF,POST,0.0,4.235925,0.667643,0.117508,0.09461,0.857679,0.517299,0.615377,0.693392,0.747985,0.783025,-0.121214,0.097003,-0.394289,0.287328,-0.232395,-0.18965,-0.134754,-0.068314,0.001958,0.213543,0.089006,-0.217811,0.458056,0.103621,0.165998,0.224576,0.275409,0.314309,-0.618748,0.072968,-0.776135,-0.191401,-0.697285,-0.666022,-0.630827,-0.587942,-0.529393,316.313,POST_INTERVENTION,36NXF,135,04.00
2022-05-21,sentinel2,20220521T074609_20220521T080453_T36NXF,POST,0.0,13.342278,0.683217,0.122723,0.05097,0.873404,0.529218,0.634598,0.71286,0.767466,0.802567,-0.139593,0.100204,-0.385633,0.293423,-0.25186,-0.208953,-0.15428,-0.0879,-0.013883,0.232823,0.090784,-0.185,0.46022,0.123256,0.189431,0.247905,0.295047,0.333864,-0.635298,0.078009,-0.798129,-0.173522,-0.716653,-0.68555,-0.646452,-0.603588,-0.545096,304.455,POST_INTERVENTION,36NXF,135,04.00
2022-05-26,sentinel2,20220526T074621_20220526T080501_T36NXF,POST,0.0,23.149592,0.69139,0.127964,0.036813,0.889264,0.525407,0.638629,0.724473,0.779264,0.818606,-0.127537,0.100963,-0.374437,0.311374,-0.244132,-0.197383,-0.138684,-0.072237,-0.002027,0.232574,0.089844,-0.206556,0.461197,0.122943,0.185559,0.244223,0.294763,0.333982,-0.647722,0.085825,-0.8197,-0.151487,-0.736233,-0.701146,-0.66212,-0.615214,-0.544854,266.234,POST_INTERVENTION,36NXF,135,04.00
2022-05-31,sentinel2,20220531T074609_20220531T080453_T36NXF,POST,12.34,6.901606,0.675924,0.125807,0.063781,0.878468,0.498138,0.623267,0.708913,0.76371,0.798819,-0.143956,0.098836,-0.383555,0.283367,-0.256009,-0.212757,-0.158117,-0.092037,-0.017535,0.234276,0.090774,-0.176166,0.456472,0.119192,0.189351,0.247886,0.298916,0.333954,-0.626827,0.0872,-0.80152,-0.187814,-0.712893,-0.685662,-0.646466,-0.591715,-0.509612,236.482,POST_INTERVENTION,36NXF,135,04.00
2022-06-15,sentinel2,20220615T074621_20220615T080504_T36NXF,POST,0.0,0.568571,0.67998,0.124295,0.04625,0.883228,0.525071,0.630796,0.712966,0.763694,0.798765,-0.115624,0.102511,-0.381115,0.31143,-0.228554,-0.185536,-0.130791,-0.060576,0.00931,0.216931,0.093648,-0.22002,0.456162,0.103346,0.169941,0.228579,0.279367,0.318323,-0.641613,0.078714,-0.818617,-0.151065,-0.724374,-0.693426,-0.654328,-0.607394,-0.549039,141.01,POST_INTERVENTION,36NXF,135,04.00
2022-06-30,sentinel2,20220630T074619_20220630T080346_T36NXF,POST,0.0,1.091204,0.66494,0.128147,0.02732,0.881037,0.498271,0.611212,0.693404,0.752031,0.79505,-0.100061,0.105727,-0.39272,0.316646,-0.224284,-0.173716,-0.111372,-0.04095,0.033288,0.191508,0.098562,-0.238669,0.465468,0.068148,0.138529,0.205192,0.259828,0.302885,-0.633706,0.080588,-0.816846,-0.160397,-0.724521,-0.685386,-0.642507,-0.595853,-0.537207,100.046,POST_INTERVENTION,36NXF,135,04.00
2023-01-01,sentinel2,20230101T075331_20230101T080556_T36NXF,POST,0.0,0.295105,0.649077,0.123135,0.046009,0.87573,0.482673,0.583913,0.673752,0.736417,0.783209,-0.076303,0.100286,-0.361689,0.347591,-0.201391,-0.142526,-0.083907,-0.013828,0.053024,0.155822,0.093467,-0.28135,0.410669,0.037089,0.099636,0.162119,0.216672,0.271509,-0.621482,0.076683,-0.806339,-0.054425,-0.708928,-0.673945,-0.63085,-0.584082,-0.529192,149.506,POST_INTERVENTION,36NXF,135,05.09
2023-01-06,sentinel2,20230106T075219_20230106T080450_T36NXF,POST,0.0,0.614859,0.589194,0.114012,0.065598,0.821151,0.435601,0.525421,0.60753,0.67387,0.720896,-0.055165,0.092857,-0.321261,0.294662,-0.173668,-0.119249,-0.056611,0.005882,0.064523,0.128464,0.090595,-0.238382,0.390648,0.013829,0.072345,0.130882,0.189315,0.24434,-0.579112,0.069858,-0.742356,-0.069798,-0.658121,-0.627005,-0.587917,-0.540958,-0.494098,131.151,POST_INTERVENTION,36NXF,135,05.09
2023-01-11,sentinel2,20230111T075301_20230111T080534_T36NXF,POST,0.0,11.28493,0.579623,0.135479,0.036991,0.859375,0.400197,0.498014,0.595804,0.677783,0.740281,-0.010495,0.105564,-0.331047,0.357484,-0.142601,-0.079967,-0.0099,0.06043,0.123032,0.09802,0.101624,-0.296125,0.414734,-0.033279,0.033293,0.099454,0.166072,0.224727,-0.583083,0.082944,-0.793698,-0.028127,-0.681689,-0.638765,-0.587889,-0.537029,-0.478415,107.545,POST_INTERVENTION,36NXF,135,05.09
2023-01-16,sentinel2,20230116T075149_20230116T080450_T36NXF,POST,0.0,6.386276,0.535708,0.132389,0.041418,0.83814,0.361368,0.451314,0.544959,0.630589,0.70091,0.016243,0.104714,-0.340626,0.332822,-0.119152,-0.052691,0.021665,0.087781,0.146536,0.060156,0.103754,-0.269165,0.409254,-0.072189,-0.009728,0.056781,0.126935,0.197289,-0.561094,0.079525,-0.77791,-0.049878,-0.658215,-0.611352,-0.564568,-0.513744,-0.462866,83.612,POST_INTERVENTION,36NXF,135,05.09
2023-01-21,sentinel2,20230121T075231_20230121T080456_T36NXF,POST,0.0,0.00704,0.499564,0.136445,0.037572,0.824679,0.326288,0.408262,0.501799,0.595562,0.677953,0.058437,0.100646,-0.305856,0.339443,-0.076247,-0.005729,0.064643,0.126786,0.177861,0.026805,0.098925,-0.267834,0.373782,-0.09544,-0.041046,0.021649,0.091803,0.158135,-0.554575,0.08293,-0.788623,-0.068983,-0.66214,-0.607522,-0.556505,-0.505979,-0.451276,69.279,POST_INTERVENTION,36NXF,135,05.10
2023-01-26,sentinel2,20230126T075109_20230126T080451_T36NXF,POST,0.12,20.09213,0.461272,0.117556,0.054551,0.780289,0.310397,0.38074,0.462614,0.545014,0.615417,0.052794,0.090853,-0.280218,0.284763,-0.072454,-0.001838,0.060565,0.119222,0.162137,0.013405,0.093199,-0.240497,0.348553,-0.099582,-0.052727,0.005727,0.072256,0.138657,-0.516053,0.0714,-0.733096,-0.079195,-0.607537,-0.564449,-0.517543,-0.4746,-0.427784,50.304,POST_INTERVENTION,36NXF,135,05.09
2023-01-31,sentinel2,20230131T075141_20230131T080449_T36NXF,POST,0.0,0.827253,0.437053,0.135428,0.039436,0.800536,0.267808,0.341856,0.431786,0.529418,0.619139,0.105823,0.098843,-0.26754,0.34798,-0.029366,0.048921,0.119171,0.177614,0.220836,-0.016815,0.099866,-0.279906,0.355332,-0.138698,-0.087972,-0.025421,0.045048,0.119052,-0.518557,0.081304,-0.758556,-0.067852,-0.627092,-0.572212,-0.513758,-0.466862,-0.420005,21.133,POST_INTERVENTION,36NXF,135,05.09
2023-02-05,sentinel2,20230205T075019_20230205T080451_T36NXF,POST,0.0,0.674407,0.414068,0.129881,0.051107,0.783033,0.252054,0.322473,0.404356,0.502015,0.591671,0.108722,0.097529,-0.265298,0.332846,-0.02554,0.05275,0.122981,0.177817,0.220832,-0.033006,0.100662,-0.271914,0.348959,-0.154161,-0.10754,-0.044941,0.02943,0.103641,-0.505784,0.077204,-0.734889,-0.09142,-0.607309,-0.556653,-0.502064,-0.455129,-0.415952,21.133,POST_INTERVENTION,36NXF,135,05.09
2023-02-10,sentinel2,20230210T075051_20230210T080451_T36NXF,POST,7.3,5.50605,0.436474,0.134757,0.046908,0.799077,0.263736,0.341673,0.431729,0.529344,0.619371,0.101081,0.103591,-0.275548,0.358506,-0.040744,0.041063,0.111399,0.173745,0.224581,-0.019908,0.107156,-0.305006,0.364917,-0.150419,-0.095472,-0.029336,0.048835,0.126836,-0.503315,0.084667,-0.750818,-0.074788,-0.614924,-0.560569,-0.501993,-0.45122,-0.404277,12.767,POST_INTERVENTION,36NXF,135,05.09
2023-02-15,sentinel2,20230215T075009_20230215T080452_T36NXF,POST,3.97,5.56668,0.391056,0.11522,0.068542,0.734354,0.248022,0.310559,0.384608,0.470872,0.548905,0.107008,0.086537,-0.216277,0.305897,-0.013538,0.052699,0.119135,0.169959,0.209005,-0.030279,0.091279,-0.249528,0.30116,-0.142472,-0.095687,-0.041111,0.029159,0.091663,-0.477156,0.070789,-0.687105,-0.093285,-0.572162,-0.525266,-0.474639,-0.431666,-0.392541,7.19,POST_INTERVENTION,36NXF,135,05.09
2023-02-20,sentinel2,20230220T074941_20230220T080450_T36NXF,POST,0.0,0.0,0.391241,0.133648,0.04863,0.800375,0.232526,0.294982,0.376991,0.478558,0.576332,0.142433,0.094821,-0.251364,0.3543,0.013587,0.08791,0.158217,0.208883,0.251843,-0.057858,0.097956,-0.297476,0.338577,-0.173836,-0.130995,-0.072274,0.001917,0.07624,-0.502186,0.082548,-0.751335,-0.076631,-0.615151,-0.552752,-0.498156,-0.44725,-0.404208,7.19,POST_INTERVENTION,36NXF,135,05.09
2023-02-25,sentinel2,20230225T074909_20230225T080454_T36NXF,POST,23.46,8.862758,0.351556,0.120298,0.040792,0.739055,0.20913,0.263534,0.337911,0.427542,0.5214,0.119614,0.091316,-0.237893,0.321978,-0.005569,0.064614,0.130944,0.189503,0.224594,-0.039727,0.098202,-0.265625,0.329131,-0.158211,-0.111411,-0.052663,0.021619,0.095928,-0.445527,0.078199,-0.672042,-0.090937,-0.548619,-0.49394,-0.439392,-0.39658,-0.35767,0.0,POST_INTERVENTION,36NXF,135,05.09
2023-05-06,sentinel2,20230506T074619_20230506T080456_T36NXF,POST,0.0,2.885594,0.662149,0.122349,0.066093,0.873556,0.498001,0.603567,0.689523,0.747973,0.791084,-0.116599,0.101902,-0.3954,0.322677,-0.236262,-0.189627,-0.126974,-0.056541,0.021455,0.201044,0.09398,-0.268105,0.450452,0.076274,0.150187,0.213015,0.26758,0.310688,-0.617406,0.076365,-0.792221,-0.077183,-0.701155,-0.669726,-0.626914,-0.580182,-0.521593,338.723,POST_INTERVENTION,36NXF,135,05.09
2023-05-11,sentinel2,20230511T074611_20230511T080448_T36NXF,POST,25.4,15.076722,0.687388,0.136929,0.043101,0.891581,0.497976,0.630703,0.724536,0.783213,0.82206,-0.138345,0.111279,-0.407283,0.363522,-0.263607,-0.216677,-0.154375,-0.08026,0.005667,0.232984,0.100448,-0.303512,0.471983,0.107298,0.181695,0.248115,0.302886,0.34583,-0.631431,0.088708,-0.801762,-0.041435,-0.720843,-0.689401,-0.650435,-0.595818,-0.517732,341.191,POST_INTERVENTION,36NXF,135,05.09
2023-05-16,sentinel2,20230516T074619_20230516T080453_T36NXF,POST,0.0,1.944088,0.691985,0.129255,0.0471,0.902309,0.521606,0.634877,0.72463,0.783204,0.822273,-0.130628,0.111629,-0.409506,0.356816,-0.259844,-0.20897,-0.142661,-0.064524,0.017423,0.217448,0.102271,-0.288905,0.463081,0.084261,0.162283,0.228498,0.287031,0.333876,-0.64254,0.081033,-0.813796,-0.056158,-0.728583,-0.697282,-0.658154,-0.60733,-0.54095,351.678,POST_INTERVENTION,36NXF,135,05.09
2023-05-21,sentinel2,20230521T074611_20230521T080451_T36NXF,POST,0.0,2.243085,0.70617,0.127416,0.073466,0.895375,0.541055,0.654393,0.740319,0.794973,0.829908,-0.144321,0.110713,-0.400375,0.373202,-0.271642,-0.220632,-0.158061,-0.084009,0.002068,0.237653,0.10002,-0.292336,0.469485,0.111368,0.1855,0.251871,0.306678,0.349658,-0.648325,0.079664,-0.806935,-0.089179,-0.7324,-0.701107,-0.662085,-0.615211,-0.552567,364.067,POST_INTERVENTION,36NXF,135,05.09
2023-06-15,sentinel2,20230615T074619_20230615T080200_T36NXF,POST,10.49,25.208652,0.653361,0.11873,0.097146,0.846025,0.490442,0.603469,0.681551,0.736346,0.771403,-0.152432,0.093948,-0.370903,0.311565,-0.25979,-0.216813,-0.162298,-0.103617,-0.033182,0.249788,0.088443,-0.243632,0.468267,0.138495,0.205159,0.259803,0.310623,0.34963,-0.605714,0.083525,-0.773534,-0.174923,-0.689371,-0.662053,-0.623086,-0.57208,-0.494066,227.339,POST_INTERVENTION,36NXF,135,05.09
2023-06-25,sentinel2,20230625T074619_20230625T080453_T36NXF,POST,11.3,45.391417,0.675978,0.149703,0.03617,0.935873,0.446954,0.599773,0.716737,0.787054,0.829928,-0.157319,0.110361,-0.46145,0.383793,-0.287269,-0.232339,-0.16609,-0.095742,-0.021466,0.250016,0.100875,-0.326773,0.551737,0.130989,0.197307,0.259758,0.318406,0.365166,-0.625153,0.113668,-0.860524,-0.046388,-0.744078,-0.705073,-0.650357,-0.576328,-0.451199,188.887,POST_INTERVENTION,36NXF,135,05.09
2024-01-06,sentinel2,20240106T075321_20240106T080543_T36NXF,POST,0.31,11.536073,0.634571,0.108161,0.084004,0.822733,0.486097,0.584049,0.65822,0.712799,0.748114,-0.113357,0.088512,-0.373431,0.277045,-0.216775,-0.17374,-0.123022,-0.064483,-0.001795,0.205396,0.085493,-0.22137,0.47293,0.099567,0.162082,0.212867,0.263801,0.306635,-0.584506,0.075986,-0.753017,-0.131864,-0.66598,-0.634757,-0.599586,-0.548783,-0.486231,121.521,POST_INTERVENTION,36NXF,135,05.10
2024-01-26,sentinel2,20240126T075211_20240126T080433_T36NXF,POST,0.25,13.492215,0.672395,0.122273,0.053568,0.870114,0.505581,0.62301,0.705115,0.755872,0.790955,-0.111887,0.096781,-0.372309,0.345867,-0.220634,-0.177854,-0.123128,-0.060479,0.013441,0.206615,0.08902,-0.274899,0.458421,0.092101,0.162145,0.216627,0.267616,0.306485,-0.614001,0.078703,-0.79692,-0.044444,-0.697266,-0.665883,-0.627041,-0.579933,-0.517637,168.826,POST_INTERVENTION,36NXF,135,05.10
2024-01-31,sentinel2,20240131T075049_20240131T080446_T36NXF,POST,3.71,16.32769,0.610186,0.112222,0.095024,0.795024,0.451125,0.560586,0.638648,0.689387,0.724581,-0.091891,0.090193,-0.330836,0.330162,-0.197414,-0.154239,-0.103395,-0.041125,0.025339,0.17573,0.08861,-0.266039,0.43696,0.064267,0.126984,0.185466,0.236338,0.27927,-0.570776,0.074855,-0.724958,-0.114276,-0.646476,-0.619169,-0.58798,-0.540979,-0.470704,162.515,POST_INTERVENTION,36NXF,135,05.10
2024-02-20,sentinel2,20240220T074949_20240220T080450_T36NXF,POST,6.19,13.910446,0.644157,0.128468,0.049287,0.862206,0.462888,0.584078,0.677802,0.736257,0.775369,-0.093927,0.10485,-0.364028,0.33228,-0.216545,-0.169911,-0.111356,-0.033248,0.048666,0.180808,0.098218,-0.272317,0.447306,0.045052,0.126967,0.193467,0.247936,0.291021,-0.60795,0.078025,-0.787368,-0.048962,-0.69353,-0.658329,-0.62304,-0.572252,-0.505656,172.285,POST_INTERVENTION,36NXF,135,05.10
2024-05-30,sentinel2,20240530T074609_20240530T080924_T36NXF,POST,0.0,1.570695,0.687717,0.125077,0.008914,0.885969,0.529247,0.634737,0.716665,0.775487,0.810677,-0.130933,0.104179,-0.387526,0.314689,-0.251919,-0.204992,-0.142728,-0.072339,0.005961,0.225397,0.095255,-0.229514,0.464743,0.103496,0.173707,0.236465,0.290941,0.333959,-0.646332,0.082271,-0.810768,-0.049036,-0.736336,-0.701225,-0.658352,-0.611357,-0.548854,263.879,POST_INTERVENTION,36NXF,135,05.10
2024-06-04,sentinel2,20240604T074621_20240604T080444_T36NXF,POST,0.0,10.365122,0.657279,0.121705,0.024298,0.860747,0.50622,0.607591,0.685605,0.740241,0.779251,-0.099322,0.10035,-0.343654,0.318856,-0.216969,-0.169917,-0.111317,-0.044901,0.029297,0.208057,0.093554,-0.238549,0.448878,0.0882,0.158061,0.216785,0.271477,0.314465,-0.622486,0.078816,-0.787046,-0.060397,-0.708996,-0.673913,-0.634768,-0.587854,-0.525586,216.127,POST_INTERVENTION,36NXF,135,05.10
2024-06-19,sentinel2,20240619T074619_20240619T080451_T36NXF,POST,0.0,11.820479,0.639641,0.126153,0.019079,0.86846,0.474584,0.583972,0.665912,0.724526,0.77145,-0.089991,0.108424,-0.382124,0.327711,-0.220523,-0.162118,-0.099676,-0.029383,0.048937,0.17522,0.105048,-0.273215,0.478098,0.040943,0.119317,0.185574,0.247954,0.298621,-0.61136,0.078942,-0.787602,-0.075259,-0.697184,-0.662169,-0.623083,-0.575967,-0.513915,129.881,POST_INTERVENTION,36NXF,135,05.10
