aoi,date,doy,month,year,period,is_drought,valid_fraction,vegetation_fraction,vegetation_ha,water_fraction,water_ha,mean_ndvi
treatment_dam,2016-01-25 07:42:12.029,25,1,2016,pre,False,1.0,0.9661386138613861,97.58,0.0,0.0,0.6316323
treatment_dam,2016-03-15 07:52:12.030,75,3,2016,pre,False,0.970990099009901,0.9127154073620883,89.51,0.0,0.0,0.4801487
treatment_dam,2016-04-14 07:52:12.030,105,4,2016,pre,False,0.963069306930693,0.8886604297316747,86.44,0.00020561324149275214,0.02,0.4827355
treatment_dam,2016-07-23 07:36:22.026,205,7,2016,pre,False,1.0,0.7993069306930694,80.73,0.0,0.0,0.3789988
treatment_dam,2016-08-02 07:52:22.026,215,8,2016,pre,False,1.0,0.6575247524752476,66.41,0.0,0.0,0.34487614
treatment_dam,2016-08-22 07:52:12.026,235,8,2016,pre,False,1.0,0.4181188118811881,42.230000000000004,0.0,0.0,0.30163157
treatment_dam,2016-10-21 07:52:12.026,295,10,2016,pre,False,0.983960396039604,0.08945461863554036,8.89,0.0,0.0,0.20534995
treatment_dam,2016-10-31 07:40:42.026,305,10,2016,pre,False,0.8794059405940594,0.2792163927043459,24.8,0.00011258725512272011,0.01,0.24936232
treatment_dam,2016-12-20 07:52:12.026,355,12,2016,pre,False,1.0,0.9821782178217822,99.2,9.900990099009902e-05,0.01,0.59443516
treatment_dam,2017-01-29 07:52:11.026,29,1,2017,pre,False,1.0,0.921980198019802,93.12,0.0,0.0,0.4436737
treatment_dam,2017-03-10 07:37:21.026,69,3,2017,pre,False,1.0,0.44475247524752476,44.92,0.0,0.0,0.30998316
treatment_dam,2017-04-09 07:52:11.026,99,4,2017,pre,False,0.8891089108910891,0.6916481069042316,62.11,0.00044543429844097997,0.04,0.3979213
treatment_dam,2017-08-17 07:36:11.026,229,8,2017,pre,False,1.0,0.5326732673267327,53.800000000000004,0.0,0.0,0.33582887
treatment_dam,2017-08-27 07:52:11.026,239,8,2017,pre,False,1.0,0.33881188118811884,34.22,0.0,0.0,0.28759232
treatment_dam,2017-09-06 07:36:11.026,249,9,2017,pre,False,1.0,0.15594059405940594,15.75,0.0,0.0,0.22947362
treatment_dam,2017-09-26 07:36:41.026,269,9,2017,pre,False,1.0,0.2084158415841584,21.05,0.0,0.0,0.2512176
treatment_dam,2017-10-01 07:51:59.027,274,10,2017,pre,False,1.0,0.22594059405940595,22.82,0.0,0.0,0.2533908
treatment_dam,2017-10-06 07:52:11.026,279,10,2017,pre,False,1.0,0.24306930693069306,24.55,0.0,0.0,0.25393787
treatment_dam,2017-10-31 07:40:29.027,304,10,2017,pre,False,0.9715841584158416,0.31193314990318965,30.61,0.0,0.0,0.2675763
treatment_dam,2017-11-25 07:42:31.026,329,11,2017,pre,False,0.9166336633663367,0.8988982501620221,83.22,0.000756102829984878,0.07,0.4983145
treatment_dam,2017-12-10 07:43:09.027,344,12,2017,pre,False,0.9576237623762376,0.9769437551695617,94.49,0.0,0.0,0.5912619
treatment_dam,2017-12-20 07:43:19.027,354,12,2017,pre,False,1.0,0.9882178217821782,99.81,9.900990099009902e-05,0.01,0.59220546
treatment_dam,2018-01-09 07:42:59.027,9,1,2018,pre,False,1.0,0.9477227722772277,95.72,0.0,0.0,0.46111637
treatment_dam,2018-01-14 07:52:01.026,14,1,2018,pre,False,1.0,0.9023762376237624,91.14,0.0,0.0,0.42817897
treatment_dam,2018-01-19 07:42:29.027,19,1,2018,pre,False,1.0,0.8226732673267326,83.09,0.0,0.0,0.3935701
treatment_dam,2018-01-24 07:42:11.026,24,1,2018,pre,False,1.0,0.6681188118811882,67.48,0.0,0.0,0.36200964
treatment_dam,2018-01-29 07:41:49.027,29,1,2018,pre,False,1.0,0.6524752475247525,65.9,0.0,0.0,0.35891533
treatment_dam,2018-02-08 07:40:49.027,39,2,2018,pre,False,1.0,0.418019801980198,42.22,0.0,0.0,0.30187225
treatment_dam,2018-02-13 07:40:21.026,44,2,2018,pre,False,1.0,0.19633663366336634,19.830000000000002,0.0,0.0,0.24044317
treatment_dam,2018-02-18 07:39:49.027,49,2,2018,pre,False,1.0,0.4093069306930693,41.34,0.0,0.0,0.29938734
treatment_dam,2018-02-28 07:38:29.027,59,2,2018,pre,False,0.852970297029703,0.29123621590249565,25.09,0.0,0.0,0.251923
treatment_dam,2018-03-05 07:38:01.026,64,3,2018,pre,False,1.0,0.2206930693069307,22.29,0.0,0.0,0.24749988
treatment_dam,2018-03-25 07:36:11.026,84,3,2018,pre,False,0.9979207920792079,0.9199325329893838,92.72,0.0,0.0,0.5226834
treatment_dam,2018-04-09 07:36:09.027,99,4,2018,pre,False,1.0,0.9897029702970297,99.96000000000001,0.0,0.0,0.69827217
treatment_dam,2018-04-19 07:36:09.027,109,4,2018,pre,False,1.0,0.9983168316831683,100.83,0.0,0.0,0.6095528
treatment_dam,2018-05-14 07:36:11.024,134,5,2018,pre,False,1.0,0.9901980198019802,100.01,9.900990099009902e-05,0.01,0.7382122
treatment_dam,2018-05-24 07:37:31.024,144,5,2018,pre,False,0.9996039603960396,0.9811806656101426,99.06,0.0004952456418383518,0.05,0.7076256
treatment_dam,2018-07-08 07:36:09.024,189,7,2018,pre,False,1.0,0.9908910891089109,100.08,0.0,0.0,0.5944268
treatment_dam,2018-07-23 07:36:11.024,204,7,2018,pre,False,1.0,0.9789108910891089,98.87,0.0,0.0,0.48505497
treatment_dam,2018-07-28 07:36:09.024,209,7,2018,pre,False,0.8826732673267327,0.9272013460459899,82.66,0.0,0.0,0.4919074
treatment_dam,2018-08-02 07:36:11.024,214,8,2018,pre,False,1.0,0.9676237623762376,97.73,0.0,0.0,0.50877476
treatment_dam,2018-08-07 07:36:09.024,219,8,2018,pre,False,1.0,0.9599009900990099,96.95,0.0,0.0,0.4891177
treatment_dam,2018-08-27 07:37:19.024,239,8,2018,pre,False,0.9821782178217822,0.6571572580645161,65.19,0.0,0.0,0.34718904
treatment_dam,2018-09-11 07:36:11.024,254,9,2018,pre,False,1.0,0.7411881188118812,74.86,0.0,0.0,0.37445033
treatment_dam,2018-09-16 07:36:09.024,259,9,2018,pre,False,1.0,0.6952475247524752,70.22,0.0,0.0,0.3617676
treatment_dam,2018-09-26 07:36:39.024,269,9,2018,pre,False,0.9483168316831683,0.5304865316349968,50.81,0.0,0.0,0.32230514
treatment_dam,2018-10-01 07:37:21.024,274,10,2018,build,False,1.0,0.5397029702970297,54.51,0.0,0.0,0.3268239
treatment_dam,2018-10-06 07:37:49.024,279,10,2018,build,False,0.9817821782178218,0.33511496571198063,33.230000000000004,0.0,0.0,0.27102104
treatment_dam,2018-10-11 07:38:31.024,284,10,2018,build,False,0.9655445544554455,0.3640278917145201,35.5,0.0,0.0,0.2890478
treatment_dam,2018-10-16 07:38:59.024,289,10,2018,build,False,0.872970297029703,0.34206646251559486,30.16,0.0006805035726437564,0.06,0.27334267
treatment_dam,2018-10-31 07:40:41.024,304,10,2018,build,False,1.0,0.4533663366336634,45.79,0.0,0.0,0.30846947
treatment_dam,2018-11-05 07:41:09.024,309,11,2018,post,False,1.0,0.5445544554455446,55.0,0.0,0.0,0.3344509
treatment_dam,2018-11-15 07:41:59.024,319,11,2018,post,False,0.8552475247524752,0.5934244037971753,51.26,0.0,0.0,0.34485844
treatment_dam,2018-12-15 07:43:19.024,349,12,2018,post,False,0.9447524752475247,0.9662544539928736,92.2,0.028295954726472436,2.7,0.6241002
treatment_dam,2019-01-09 07:43:01.024,9,1,2019,post,False,1.0,0.9888118811881188,99.87,0.004356435643564357,0.44,0.6630391
treatment_dam,2019-01-14 07:42:49.024,14,1,2019,post,False,0.9984158415841584,0.9876041253470845,99.59,0.003470844902816343,0.35000000000000003,0.6594056
treatment_dam,2019-01-24 07:42:19.024,24,1,2019,post,False,0.9782178217821782,0.9878542510121457,97.60000000000001,0.0018218623481781376,0.18,0.5971565
treatment_dam,2019-01-29 07:41:51.024,29,1,2019,post,False,0.891980198019802,0.9473859473859474,85.35000000000001,0.000555000555000555,0.05,0.5561404
treatment_dam,2019-02-03 07:41:29.024,34,2,2019,post,False,1.0,0.9804950495049505,99.03,0.0010891089108910892,0.11,0.5349641
treatment_dam,2019-02-18 07:39:51.024,49,2,2019,post,False,1.0,0.9288118811881189,93.81,0.0,0.0,0.44396788
treatment_dam,2019-02-28 07:38:41.024,59,2,2019,post,False,1.0,0.8318811881188118,84.02,0.0,0.0,0.40965056
treatment_dam,2019-03-15 07:36:59.024,74,3,2019,post,False,1.0,0.6115841584158416,61.77,0.0,0.0,0.35384578
treatment_dam,2019-03-20 07:36:21.024,79,3,2019,post,False,1.0,0.5683168316831683,57.4,0.0,0.0,0.33945072
treatment_dam,2019-04-09 07:36:11.024,99,4,2019,post,False,0.9996039603960396,0.37916006339144215,38.28,0.0,0.0,0.2885259
treatment_dam,2019-04-14 07:36:19.024,104,4,2019,post,False,0.9984158415841584,0.32417691392304643,32.69,0.0,0.0,0.27488396
treatment_dam,2019-04-29 07:36:21.024,119,4,2019,post,False,0.9681188118811881,0.4673757414604214,45.7,0.005624872161996319,0.55,0.30563447
treatment_dam,2019-06-13 07:36:19.024,164,6,2019,post,False,1.0,0.9734653465346534,98.32000000000001,0.0015841584158415843,0.16,0.51527256
treatment_dam,2019-07-23 07:36:19.024,204,7,2019,post,False,1.0,0.5194059405940594,52.46,0.0,0.0,0.323639
treatment_dam,2019-08-27 07:36:11.024,239,8,2019,post,False,0.9104950495049505,0.1904088734232275,17.51,0.0,0.0,0.22988033
treatment_dam,2019-09-16 07:36:11.024,259,9,2019,post,False,0.9904950495049505,0.4582167133146741,45.84,0.004398240703718513,0.44,0.31750497
treatment_dam,2019-09-21 07:36:09.024,264,9,2019,post,False,0.9863366336633663,0.4259184902629994,42.43,0.0012045773940975708,0.12,0.30038756
treatment_dam,2019-10-16 07:39:11.024,289,10,2019,post,False,0.9952475247524752,0.6717071229606049,67.52,0.0029844807003581377,0.3,0.4048515
treatment_dam,2019-12-05 07:43:11.024,339,12,2019,post,False,0.9758415841584158,0.9811282467532467,96.7,0.008624188311688312,0.85,0.5744946
treatment_dam,2019-12-20 07:42:29.024,354,12,2019,post,False,0.9976237623762376,0.9427352123858674,94.99,0.0034736006351726877,0.35000000000000003,0.6635419
treatment_dam,2019-12-25 07:43:21.024,359,12,2019,post,False,0.9900990099009901,0.9518,95.18,0.0079,0.79,0.6448169
treatment_dam,2020-02-03 07:41:21.024,34,2,2020,post,False,0.8900990099009901,0.960956618464961,86.39,0.01167964404894327,1.05,0.6620197
treatment_dam,2020-02-08 07:40:09.024,39,2,2020,post,False,0.9085148514851485,0.9637096774193549,88.43,0.00043591979075850045,0.04,0.6154652
treatment_dam,2020-02-18 07:39:49.024,49,2,2020,post,False,0.9853465346534653,0.9591036977491961,95.45,0.00522508038585209,0.52,0.6643159
treatment_dam,2020-02-28 07:38:39.024,59,2,2020,post,False,0.9354455445544555,0.9686706181202371,91.52,0.007091447925486875,0.67,0.64431685
treatment_dam,2020-03-09 07:37:29.024,69,3,2020,post,False,0.9920792079207921,0.9672654690618763,96.92,0.0014970059880239522,0.15,0.6535835
treatment_dam,2020-03-24 07:36:11.024,84,3,2020,post,False,0.9112871287128713,0.9425249891351586,86.75,0.0020643198609300306,0.19,0.5335523
treatment_dam,2020-04-03 07:36:11.024,94,4,2020,post,False,0.9920792079207921,0.967564870259481,96.95,0.0021956087824351296,0.22,0.63454455
treatment_dam,2020-04-08 07:36:09.024,99,4,2020,post,False,1.0,0.9704950495049505,98.02,0.0038613861386138613,0.39,0.67148066
treatment_dam,2020-04-13 07:36:11.024,104,4,2020,post,False,0.9370297029702971,0.9468512256973796,89.61,0.0005283178360101438,0.05,0.61093605
treatment_dam,2020-06-02 07:36:21.024,154,6,2020,post,False,0.9124752475247525,0.923828125,85.14,0.00043402777777777775,0.04,0.5959564
treatment_dam,2020-06-07 07:36:19.024,159,6,2020,post,False,0.9714851485148515,0.9623929881777415,94.43,0.0012229922543823889,0.12,0.64790016
treatment_dam,2020-08-26 07:36:19.024,239,8,2020,post,False,0.9388118811881188,0.705969204809112,66.94,0.0002109259649862898,0.02,0.40540445
treatment_dam,2020-08-31 07:36:21.024,244,8,2020,post,False,1.0,0.904950495049505,91.4,0.0,0.0,0.46125165
treatment_dam,2020-09-25 07:36:49.024,269,9,2020,post,False,0.868019801980198,0.43857647998174976,38.45,0.0004562564161058515,0.04,0.2832845
treatment_dam,2020-10-05 07:37:49.024,279,10,2020,post,True,1.0,0.759009900990099,76.66,0.0,0.0,0.38749295
treatment_dam,2020-10-10 07:38:31.024,284,10,2020,post,True,0.9891089108910891,0.6820820820820821,68.14,0.0,0.0,0.35857716
treatment_dam,2020-10-15 07:39:09.024,289,10,2020,post,True,1.0,0.7019801980198019,70.9,0.0,0.0,0.3653344
treatment_dam,2020-10-25 07:40:09.024,299,10,2020,post,True,0.9281188118811882,0.5324301258800939,49.910000000000004,0.0,0.0,0.31589365
treatment_dam,2020-11-19 07:42:21.024,324,11,2020,post,True,0.9376237623762376,0.8389651531151003,79.45,0.0,0.0,0.46577895
treatment_dam,2020-11-24 07:42:39.024,329,11,2020,post,True,0.9998019801980198,0.9536541889483066,96.3,0.0,0.0,0.58623147
treatment_dam,2020-12-14 07:42:29.024,349,12,2020,post,True,1.0,0.9893069306930693,99.92,0.0,0.0,0.65913993
treatment_dam,2021-01-03 07:42:19.024,3,1,2021,post,True,1.0,0.9907920792079208,100.07000000000001,0.0,0.0,0.6614256
treatment_dam,2021-01-08 07:43:11.024,8,1,2021,post,True,1.0,0.9936633663366337,100.36,0.0,0.0,0.65372306
treatment_dam,2021-01-13 07:41:59.024,13,1,2021,post,True,0.9988118811881188,0.9131641554321966,92.12,0.0010904044409199049,0.11,0.5984143
treatment_dam,2021-01-18 07:42:41.024,18,1,2021,post,True,0.9992079207920792,0.9933610780816489,100.25,0.0,0.0,0.635218
treatment_dam,2021-01-28 07:42:01.024,28,1,2021,post,True,1.0,0.9928712871287129,100.28,0.0,0.0,0.5994364
treatment_dam,2021-02-02 07:40:29.024,33,2,2021,post,True,1.0,0.9917821782178218,100.17,0.0,0.0,0.55960155
treatment_dam,2021-02-17 07:40:01.024,48,2,2021,post,True,1.0,0.9784158415841584,98.82000000000001,0.0010891089108910892,0.11,0.5752048
treatment_dam,2021-02-27 07:38:51.024,58,2,2021,post,True,1.0,0.9916831683168317,100.16,0.0,0.0,0.56299883
treatment_dam,2021-03-19 07:36:21.024,78,3,2021,post,True,0.9769306930693069,0.6973750886794365,68.81,0.0003040437823046519,0.03,0.3587804
treatment_dam,2021-04-03 07:36:09.024,93,4,2021,post,True,0.9885148514851485,0.8456530448717948,84.43,0.0,0.0,0.4286188
treatment_dam,2021-04-08 07:36:11.024,98,4,2021,post,True,0.9710891089108911,0.8932504078303426,87.61,0.0002039151712887439,0.02,0.48632365
treatment_dam,2021-04-13 07:36:09.024,103,4,2021,post,True,0.9928712871287129,0.9127443159154368,91.53,0.0,0.0,0.48027653
treatment_dam,2021-05-03 07:36:09.024,123,5,2021,post,True,0.9684158415841584,0.9824148860034762,96.09,0.004294039464267457,0.42,0.5960584
treatment_dam,2021-06-02 07:36:19.024,153,6,2021,post,True,1.0,0.9972277227722772,100.72,0.0,0.0,0.6887999
treatment_dam,2021-06-07 07:36:11.024,158,6,2021,post,True,0.9038613861386139,0.9857596669952897,89.99,0.00010954102311315588,0.01,0.6446897
treatment_dam,2021-07-22 07:36:19.024,203,7,2021,post,True,0.9887128712871287,0.9532345283396756,95.19,0.0,0.0,0.5457523
treatment_dam,2021-08-21 07:36:09.024,233,8,2021,post,True,1.0,0.894950495049505,90.39,0.0,0.0,0.41617975
treatment_dam,2021-08-26 07:36:11.024,238,8,2021,post,True,1.0,0.8563366336633663,86.49,0.0,0.0,0.40901455
treatment_dam,2021-09-15 07:36:11.024,258,9,2021,post,True,0.9944554455445545,0.4764038231780167,47.85,0.0,0.0,0.30066758
treatment_dam,2021-09-25 07:36:41.024,268,9,2021,post,True,1.0,0.6047524752475247,61.08,0.0,0.0,0.3357605
treatment_dam,2021-11-09 07:40:39.024,313,11,2021,post,True,1.0,0.48326732673267325,48.81,0.0,0.0,0.3127231
treatment_dam,2021-11-19 07:41:19.024,323,11,2021,post,True,1.0,0.42475247524752474,42.9,0.0,0.0,0.29329193
treatment_dam,2021-11-24 07:42:41.024,328,11,2021,post,True,1.0,0.5197029702970297,52.49,0.0,0.0,0.32088965
treatment_dam,2021-12-29 07:42:29.024,363,12,2021,post,True,0.857029702970297,0.9841728280961183,85.19,0.0016173752310536045,0.14,0.68797475
treatment_dam,2022-01-03 07:43:21.024,3,1,2022,post,True,1.0,0.9906930693069307,100.06,0.0004950495049504951,0.05,0.7261131
treatment_dam,2022-01-13 07:43:01.024,13,1,2022,post,True,1.0,0.9953465346534653,100.53,0.0,0.0,0.718577
treatment_dam,2022-01-23 07:42:21.024,23,1,2022,post,True,1.0,0.9927722772277228,100.27,0.0,0.0,0.71765196
treatment_dam,2022-01-28 07:40:49.024,28,1,2022,post,True,1.0,0.9534653465346534,96.3,0.0,0.0,0.43043143
treatment_dam,2022-02-12 07:40:31.024,43,2,2022,post,True,0.8545544554455445,0.8718572587185726,75.25,0.0,0.0,0.38653535
treatment_dam,2022-02-17 07:39:49.024,48,2,2022,post,True,1.0,0.7902970297029703,79.82000000000001,0.0,0.0,0.36197308
treatment_dam,2022-02-27 07:38:49.024,58,2,2022,post,True,1.0,0.8,80.8,0.0019801980198019802,0.2,0.3704176
treatment_dam,2022-03-04 07:38:21.024,63,3,2022,post,True,1.0,0.6582178217821782,66.48,0.0,0.0,0.33757502
treatment_dam,2022-03-14 07:37:11.024,73,3,2022,post,True,1.0,0.4985148514851485,50.35,0.0,0.0,0.30082554
treatment_dam,2022-05-08 07:36:09.024,128,5,2022,post,True,1.0,0.8641584158415841,87.28,0.0,0.0,0.40026927
treatment_dam,2022-05-23 07:36:21.024,143,5,2022,post,True,0.9998019801980198,0.2687660922955041,27.14,0.0,0.0,0.27177697
treatment_dam,2022-08-21 07:36:31.024,233,8,2022,post,True,1.0,0.04148514851485149,4.19,0.0,0.0,0.17928477
treatment_dam,2022-09-05 07:36:19.024,248,9,2022,post,True,1.0,0.021584158415841583,2.18,0.0,0.0,0.16155107
treatment_dam,2022-09-10 07:36:21.024,253,9,2022,post,True,1.0,0.04099009900990099,4.14,0.0,0.0,0.17546023
treatment_dam,2022-10-10 07:38:31.024,283,10,2022,post,True,0.9714851485148515,0.017427639624949042,1.71,0.0,0.0,0.15778549
treatment_dam,2022-10-15 07:38:59.024,288,10,2022,post,True,1.0,0.016732673267326734,1.69,0.0,0.0,0.15763916
treatment_dam,2022-10-25 07:39:59.024,298,10,2022,post,True,1.0,0.015148514851485148,1.53,0.0,0.0,0.1576922
treatment_dam,2022-11-24 07:41:39.024,328,11,2022,post,True,0.8554455445544554,0.24270833333333333,20.97,0.0008101851851851852,0.07,0.24228391
treatment_dam,2022-11-29 07:42:51.024,333,11,2022,post,True,0.9083168316831683,0.6559843034663179,60.18,0.0,0.0,0.34548596
treatment_dam,2023-01-18 07:42:31.024,18,1,2023,post,True,1.0,0.2623762376237624,26.5,0.0,0.0,0.25723776
treatment_dam,2023-01-28 07:41:51.024,28,1,2023,post,True,1.0,0.1400990099009901,14.15,0.0,0.0,0.22705689
treatment_dam,2023-02-02 07:40:29.024,33,2,2023,post,True,1.0,0.06990099009900991,7.0600000000000005,0.0,0.0,0.20497288
treatment_dam,2023-02-07 07:41:01.024,38,2,2023,post,True,1.0,0.05188118811881188,5.24,0.0,0.0,0.19458605
treatment_dam,2023-02-12 07:40:09.024,43,2,2023,post,True,1.0,0.056831683168316834,5.74,0.0,0.0,0.19412516
treatment_dam,2023-02-22 07:39:29.025,53,2,2023,post,True,1.0,0.022277227722772276,2.25,0.0,0.0,0.17041844
treatment_dam,2023-03-09 07:37:31.024,68,3,2023,post,True,1.0,0.027425742574257426,2.77,0.0,0.0,0.17251328
treatment_dam,2023-05-08 07:36:11.024,128,5,2023,post,True,1.0,0.9488118811881188,95.83,0.0019801980198019802,0.2,0.44783705
treatment_dam,2023-06-02 07:36:19.024,153,6,2023,post,True,0.9336633663366337,0.9173913043478261,86.51,0.0,0.0,0.4227322
treatment_dam,2023-06-07 07:36:21.024,158,6,2023,post,True,1.0,0.8803960396039604,88.92,0.0,0.0,0.39360568
treatment_dam,2023-06-12 07:36:19.024,163,6,2023,post,True,0.9891089108910891,0.5702702702702702,56.97,0.0,0.0,0.3085892
treatment_dam,2023-08-21 07:36:19.024,233,8,2023,post,False,1.0,0.05168316831683168,5.22,0.0,0.0,0.18511295
treatment_dam,2023-08-26 07:36:21.024,238,8,2023,post,False,1.0,0.07069306930693069,7.140000000000001,0.0,0.0,0.1905342
treatment_dam,2023-09-25 07:36:41.024,268,9,2023,post,False,1.0,0.0598019801980198,6.04,0.0,0.0,0.1745398
treatment_dam,2023-10-10 07:38:29.024,283,10,2023,post,False,1.0,0.05415841584158416,5.47,0.0,0.0,0.1717525
treatment_dam,2023-10-20 07:39:29.024,293,10,2023,post,False,0.9710891089108911,0.050061174551386624,4.91,0.0,0.0,0.16447894
treatment_dam,2023-11-29 07:41:59.024,333,11,2023,post,False,1.0,0.8142574257425742,82.24,9.900990099009902e-05,0.01,0.39746413
treatment_dam,2023-12-04 07:43:01.024,338,12,2023,post,False,1.0,0.8403960396039604,84.88,0.0,0.0,0.4142179
treatment_dam,2024-01-23 07:42:11.024,23,1,2024,post,False,1.0,0.9603960396039604,97.0,0.0,0.0,0.4535192
treatment_dam,2024-02-07 07:40:09.024,38,2,2024,post,False,0.9916831683168317,0.9337060702875399,93.52,0.0,0.0,0.41705835
treatment_dam,2024-02-12 07:40:31.024,43,2,2024,post,False,0.9988118811881188,0.8957176843774782,90.36,0.0,0.0,0.4014136
treatment_dam,2024-03-08 07:37:39.024,68,3,2024,post,False,1.0,0.6199009900990099,62.61,0.0,0.0,0.3328252
treatment_dam,2024-04-07 07:36:09.024,98,4,2024,post,False,1.0,0.7432673267326733,75.07000000000001,0.0030693069306930694,0.31,0.37785438
treatment_dam,2024-04-22 07:36:21.024,113,4,2024,post,False,1.0,0.8661386138613861,87.48,0.013465346534653465,1.36,0.43020275
treatment_dam,2024-04-27 07:36:09.024,118,4,2024,post,False,0.9525742574257425,0.9039600873090116,86.97,0.0157987735162665,1.52,0.46108082
treatment_dam,2024-05-27 07:36:09.024,148,5,2024,post,False,1.0,0.9127722772277228,92.19,0.0010891089108910892,0.11,0.45216796
treatment_dam,2024-06-21 07:36:21.024,173,6,2024,post,False,0.9180198019801981,0.926876617773943,85.94,0.0,0.0,0.4431999
treatment_dam,2024-06-26 07:36:19.024,178,6,2024,post,False,1.0,0.8881188118811881,89.7,0.00019801980198019803,0.02,0.40308607
treatment_dam,2024-08-05 07:36:19.024,218,8,2024,post,False,1.0,0.7089108910891089,71.60000000000001,0.0,0.0,0.3438522
treatment_dam,2024-09-09 07:36:11.024,253,9,2024,post,False,1.0,0.36158415841584157,36.52,0.0,0.0,0.2779141
treatment_dam,2024-09-24 07:36:09.024,268,9,2024,post,False,1.0,0.22455445544554456,22.68,0.0,0.0,0.25602373
treatment_dam,2024-10-04 07:36:59.024,278,10,2024,post,False,1.0,0.2392079207920792,24.16,0.0,0.0,0.2536684
treatment_dam,2024-10-09 07:38:21.024,283,10,2024,post,False,1.0,0.2596039603960396,26.22,0.0,0.0,0.25560597
treatment_dam,2024-10-14 07:37:59.024,288,10,2024,post,False,1.0,0.21772277227722772,21.990000000000002,0.0,0.0,0.2467503
treatment_dam,2024-11-28 07:42:51.024,333,11,2024,post,False,0.9776237623762376,0.741847275673486,73.25,0.0009114847073121329,0.09,0.37986863
treatment_dam,2024-12-08 07:43:21.024,343,12,2024,post,False,1.0,0.8655445544554455,87.42,0.0,0.0,0.4116336
treatment_dam,2024-12-13 07:42:29.024,348,12,2024,post,False,1.0,0.8813861386138614,89.02,0.0,0.0,0.40573195
treatment_dam,2024-12-23 07:42:39.024,358,12,2024,post,False,0.9824752475247525,0.9264335382444825,91.93,0.0019147435251436057,0.19,0.44505194
treatment_dam,2024-12-28 07:43:31.024,363,12,2024,post,False,0.9988118811881188,0.8908604282315623,89.87,0.0,0.0,0.3987935
treatment_dam,2025-01-07 07:43:11.024,7,1,2025,post,False,1.0,0.7744554455445545,78.22,0.0,0.0,0.3490903
treatment_dam,2025-01-22 07:41:29.024,22,1,2025,post,False,1.0,0.30247524752475247,30.55,0.0,0.0,0.2741202
treatment_dam,2025-02-16 07:40:31.025,47,2,2025,post,False,0.8966336633663367,0.10346731448763251,9.370000000000001,0.0,0.0,0.21494648
treatment_dam,2025-02-21 07:38:39.024,52,2,2025,post,False,1.0,0.18138613861386138,18.32,0.0,0.0,0.24641974
treatment_dam,2025-03-03 07:37:29.024,62,3,2025,post,False,1.0,0.13485148514851486,13.620000000000001,0.0,0.0,0.2305966
treatment_dam,2025-03-30 07:40:21.024,89,3,2025,post,False,0.9056435643564357,0.7640756532196349,69.89,0.007980758718705587,0.73,0.38860923
treatment_dam,2025-04-09 07:54:41.024,99,4,2025,post,False,1.0,0.8898019801980198,89.87,9.900990099009902e-05,0.01,0.43582514
treatment_dam,2025-04-27 07:36:41.025,117,4,2025,post,False,1.0,0.9447524752475247,95.42,0.0039603960396039604,0.4,0.46831542
treatment_dam,2025-05-07 07:36:31.025,127,5,2025,post,False,0.9599009900990099,0.9680247550283652,93.85000000000001,0.0,0.0,0.48426592
treatment_dam,2025-05-12 07:36:19.024,132,5,2025,post,False,0.9836633663366336,0.8890790135883241,88.33,0.001509813789632612,0.15,0.4432514
treatment_dam,2025-06-21 07:36:19.024,172,6,2025,post,False,1.0,0.626039603960396,63.230000000000004,0.0,0.0,0.3271734
treatment_dam,2025-07-26 07:36:41.025,207,7,2025,post,False,1.0,0.17336633663366335,17.51,0.0,0.0,0.24661674
treatment_dam,2025-08-25 07:36:31.025,237,8,2025,post,False,0.9944554455445545,0.07696136997212266,7.73,0.0,0.0,0.2005249
treatment_dam,2025-09-06 07:40:21.024,249,9,2025,post,False,1.0,0.04782178217821782,4.83,0.0,0.0,0.18413372
treatment_dam,2025-09-14 07:36:31.025,257,9,2025,post,False,1.0,0.04495049504950495,4.54,0.0,0.0,0.17809738
treatment_dam,2025-09-16 07:54:51.024,259,9,2025,post,False,0.9996039603960396,0.04566164817749604,4.61,0.0,0.0,0.17838542
treatment_dam,2025-09-19 07:36:09.024,262,9,2025,post,False,1.0,0.057920792079207924,5.8500000000000005,0.0,0.0,0.18764892
treatment_dam,2025-09-26 07:40:31.024,269,9,2025,post,False,0.8831683168316832,0.04248878923766816,3.79,0.0,0.0,0.17837982
treatment_dam,2025-09-29 07:36:19.024,272,9,2025,post,False,1.0,0.045346534653465345,4.58,0.0,0.0,0.17514881
treatment_dam,2025-10-19 07:38:39.024,292,10,2025,post,False,0.9782178217821782,0.002226720647773279,0.22,0.0,0.0,0.14991209
treatment_dam,2025-11-03 07:55:41.025,307,11,2025,post,False,0.9241584158415842,0.2138418684379687,19.96,0.00042854081851296334,0.04,0.22613584
treatment_dam,2025-12-05 07:43:21.024,339,12,2025,post,False,0.9,0.3127612761276128,28.43,0.0,0.0,0.25935394
control,2016-01-25 07:42:12.029,25,1,2016,pre,False,1.0,0.9963366336633663,100.63,0.0,0.0,0.6578368
control,2016-03-15 07:52:12.030,75,3,2016,pre,False,1.0,0.8826732673267327,89.15,0.0,0.0,0.44138777
control,2016-03-25 07:35:52.030,85,3,2016,pre,False,0.9738613861386138,0.5828588857259048,57.33,0.0,0.0,0.3376657
control,2016-04-04 07:52:12.030,95,4,2016,pre,False,0.926930693069307,0.5489211706900236,51.39,0.0,0.0,0.32595938
control,2016-04-14 07:52:12.030,105,4,2016,pre,False,0.9956435643564356,0.8283611774065235,83.3,0.0,0.0,0.44519743
control,2016-07-23 07:36:22.026,205,7,2016,pre,False,0.9001980198019802,0.5101187857457106,46.38,0.0,0.0,0.31228802
control,2016-08-02 07:52:22.026,215,8,2016,pre,False,1.0,0.7088118811881188,71.59,0.0,0.0,0.3439519
control,2016-08-22 07:52:12.026,235,8,2016,pre,False,1.0,0.37336633663366336,37.71,0.0,0.0,0.28583825
control,2016-09-11 07:52:12.026,255,9,2016,pre,False,0.9845544554455445,0.17860016090104586,17.76,0.0,0.0,0.22933163
control,2016-10-21 07:52:12.026,295,10,2016,pre,False,1.0,0.06425742574257426,6.49,0.0,0.0,0.20314975
control,2016-10-31 07:40:42.026,305,10,2016,pre,False,0.9996039603960396,0.1687797147385103,17.04,0.0,0.0,0.22036941
control,2016-12-20 07:52:12.026,355,12,2016,pre,False,1.0,0.961980198019802,97.16,0.0,0.0,0.52995247
control,2017-01-29 07:52:11.026,29,1,2017,pre,False,1.0,0.8953465346534654,90.43,0.0,0.0,0.42902276
control,2017-02-08 07:40:51.026,39,2,2017,pre,False,0.9924752475247525,0.7348363926576217,73.66,0.0,0.0,0.35744184
control,2017-03-10 07:37:21.026,69,3,2017,pre,False,1.0,0.38633663366336635,39.02,0.0,0.0,0.289381
control,2017-03-20 07:52:01.026,79,3,2017,pre,False,0.9350495049504951,0.2445997458703939,23.1,0.0,0.0,0.24599825
control,2017-08-17 07:36:11.026,229,8,2017,pre,False,0.9996039603960396,0.41283676703645006,41.68,0.0,0.0,0.28995377
control,2017-08-27 07:52:11.026,239,8,2017,pre,False,1.0,0.2728712871287129,27.560000000000002,0.0,0.0,0.2635839
control,2017-10-01 07:51:59.027,274,10,2017,pre,False,0.8847524752475248,0.008952551477170993,0.8,0.00011190689346463742,0.01,0.13214053
control,2017-10-06 07:52:11.026,279,10,2017,pre,False,1.0,0.1291089108910891,13.040000000000001,0.0,0.0,0.21713461
control,2017-11-25 07:42:31.026,329,11,2017,pre,False,0.9017821782178218,0.9409310496267018,85.7,0.0,0.0,0.5097192
control,2017-12-20 07:43:19.027,354,12,2017,pre,False,0.9659405940594059,0.9853423534235343,96.13,0.0001025010250102501,0.01,0.5842241
control,2018-01-09 07:42:59.027,9,1,2018,pre,False,1.0,0.949009900990099,95.85000000000001,0.0,0.0,0.46164402
control,2018-01-14 07:52:01.026,14,1,2018,pre,False,1.0,0.9077227722772278,91.68,0.0,0.0,0.41978168
control,2018-01-19 07:42:29.027,19,1,2018,pre,False,0.9976237623762376,0.7921794362842398,79.82000000000001,0.0,0.0,0.37461117
control,2018-01-24 07:42:11.026,24,1,2018,pre,False,1.0,0.7412871287128713,74.87,0.0,0.0,0.36218405
control,2018-01-29 07:41:49.027,29,1,2018,pre,False,1.0,0.6475247524752475,65.4,0.0,0.0,0.35152102
control,2018-02-08 07:40:49.027,39,2,2018,pre,False,1.0,0.3803960396039604,38.42,0.0,0.0,0.29248178
control,2018-02-13 07:40:21.026,44,2,2018,pre,False,1.0,0.3344554455445545,33.78,0.0,0.0,0.2787104
control,2018-02-18 07:39:49.027,49,2,2018,pre,False,1.0,0.37643564356435644,38.02,0.0,0.0,0.28472844
control,2018-02-23 07:39:11.026,54,2,2018,pre,False,0.9914851485148515,0.32654284002396644,32.7,0.0,0.0,0.2686493
control,2018-02-28 07:38:29.027,59,2,2018,pre,False,1.0,0.25584158415841585,25.84,0.0,0.0,0.2496102
control,2018-03-05 07:38:01.026,64,3,2018,pre,False,1.0,0.2016831683168317,20.37,0.0,0.0,0.24810585
control,2018-03-25 07:36:11.026,84,3,2018,pre,False,1.0,0.8606930693069307,86.93,0.0,0.0,0.43844718
control,2018-04-09 07:36:09.027,99,4,2018,pre,False,1.0,0.9922772277227723,100.22,0.00019801980198019803,0.02,0.63612586
control,2018-04-19 07:36:09.027,109,4,2018,pre,False,0.8736633663366337,0.995806890299184,87.87,0.00022665457842248413,0.02,0.46662605
control,2018-05-04 07:36:11.024,124,5,2018,pre,False,0.9643564356435643,0.9976386036960986,97.17,0.0001026694045174538,0.01,0.676558
control,2018-05-14 07:36:11.024,134,5,2018,pre,False,0.959009900990099,0.9862688416270906,95.53,0.0006194507536650836,0.06,0.6878366
control,2018-06-13 07:36:11.024,164,6,2018,pre,False,0.9912871287128713,0.9809228925289653,98.21000000000001,0.0,0.0,0.6130644
control,2018-06-28 07:36:09.024,179,6,2018,pre,False,0.9948514851485148,0.9799960191082803,98.47,0.0,0.0,0.58827263
control,2018-07-08 07:36:09.024,189,7,2018,pre,False,0.921980198019802,0.9735824742268041,90.66,0.0,0.0,0.53818965
control,2018-08-02 07:36:11.024,214,8,2018,pre,False,0.9005940594059406,0.8047493403693932,73.2,0.0,0.0,0.40400884
control,2018-08-07 07:36:09.024,219,8,2018,pre,False,0.996039603960396,0.8569582504970179,86.21000000000001,0.0,0.0,0.41581258
control,2018-08-27 07:37:19.024,239,8,2018,pre,False,0.9988118811881188,0.5323156225218081,53.7,0.0,0.0,0.3112703
control,2018-09-11 07:36:11.024,254,9,2018,pre,False,1.0,0.6712871287128713,67.8,0.0,0.0,0.3536914
control,2018-09-16 07:36:09.024,259,9,2018,pre,False,1.0,0.6208910891089109,62.71,0.0,0.0,0.33836976
control,2018-10-01 07:37:21.024,274,10,2018,build,False,1.0,0.46752475247524755,47.22,0.0,0.0,0.30477607
control,2018-10-11 07:38:31.024,284,10,2018,build,False,0.9924752475247525,0.2388268156424581,23.94,0.0,0.0,0.25549993
control,2018-10-16 07:38:59.024,289,10,2018,build,False,0.9710891089108911,0.328405383360522,32.21,0.0,0.0,0.26933947
control,2018-10-31 07:40:41.024,304,10,2018,build,False,1.0,0.34405940594059403,34.75,0.0,0.0,0.2676811
control,2018-11-05 07:41:09.024,309,11,2018,post,False,1.0,0.3799009900990099,38.37,0.0,0.0,0.2771945
control,2018-12-15 07:43:19.024,349,12,2018,post,False,0.8669306930693069,0.9604842393787117,84.10000000000001,0.0015989036089538603,0.14,0.5187316
control,2018-12-25 07:43:29.024,359,12,2018,post,False,0.994059405940594,0.9873505976095618,99.13,0.0,0.0,0.585015
control,2019-01-14 07:42:49.024,14,1,2019,post,False,0.9362376237623763,0.9885786802030457,93.48,0.0,0.0,0.63092077
control,2019-01-29 07:41:51.024,29,1,2019,post,False,0.9841584158415841,0.975251509054326,96.94,0.0,0.0,0.5229653
control,2019-02-03 07:41:29.024,34,2,2019,post,False,1.0,0.9802970297029703,99.01,0.0,0.0,0.52472365
control,2019-02-18 07:39:51.024,49,2,2019,post,False,1.0,0.9240594059405941,93.33,0.0,0.0,0.4314901
control,2019-02-28 07:38:41.024,59,2,2019,post,False,1.0,0.764950495049505,77.26,0.0,0.0,0.37972867
control,2019-03-15 07:36:59.024,74,3,2019,post,False,1.0,0.6008910891089109,60.69,0.0,0.0,0.3478235
control,2019-04-09 07:36:11.024,99,4,2019,post,False,0.9835643564356435,0.3432655526474733,34.1,0.0,0.0,0.27148044
control,2019-04-14 07:36:19.024,104,4,2019,post,False,0.9992079207920792,0.38951644867221563,39.31,0.0,0.0,0.28235242
control,2019-05-09 07:36:21.024,129,5,2019,post,False,0.9318811881188119,0.6171908202294942,58.09,0.0,0.0,0.35051036
control,2019-06-13 07:36:19.024,164,6,2019,post,False,0.928910891089109,0.21232146663824344,19.92,0.0,0.0,0.24931447
control,2019-06-23 07:36:19.024,174,6,2019,post,False,0.9796039603960396,0.1641398827572266,16.240000000000002,0.0,0.0,0.24978942
control,2019-07-18 07:36:21.024,199,7,2019,post,False,1.0,0.35138613861386137,35.49,0.0,0.0,0.27702764
control,2019-07-23 07:36:19.024,204,7,2019,post,False,1.0,0.2627722772277228,26.54,0.0,0.0,0.25873375
control,2019-09-01 07:36:19.024,244,9,2019,post,False,1.0,0.07455445544554455,7.53,0.0,0.0,0.19643243
control,2019-09-11 07:36:19.024,254,9,2019,post,False,0.9481188118811881,0.1080827067669173,10.35,0.00010442773600668337,0.01,0.19865763
control,2019-10-16 07:39:11.024,289,10,2019,post,False,0.9801980198019802,0.3984848484848485,39.45,0.0,0.0,0.2969133
control,2019-10-21 07:39:39.024,294,10,2019,post,False,0.9881188118811881,0.5722444889779559,57.11,0.0,0.0,0.3539838
control,2019-12-15 07:43:21.024,349,12,2019,post,False,0.9853465346534653,0.9963826366559485,99.16,0.00020096463022508038,0.02,0.70194286
control,2019-12-20 07:42:29.024,354,12,2019,post,False,1.0,0.9967326732673267,100.67,0.0,0.0,0.69430035
control,2019-12-25 07:43:21.024,359,12,2019,post,False,0.9671287128712871,0.9963144963144963,97.32000000000001,0.0,0.0,0.69162744
control,2020-01-04 07:43:11.024,4,1,2020,post,False,1.0,0.9972277227722772,100.72,0.0,0.0,0.724306
control,2020-01-14 07:42:51.024,14,1,2020,post,False,0.9944554455445545,0.9978096375945839,100.22,0.0,0.0,0.6651463
control,2020-02-03 07:41:21.024,34,2,2020,post,False,0.9487128712871287,0.9830932999373826,94.2,0.0002087246921310791,0.02,0.67196995
control,2020-02-28 07:38:39.024,59,2,2020,post,False,0.9825742574257426,0.9938532849657397,98.63,0.0,0.0,0.6448354
control,2020-03-09 07:37:29.024,69,3,2020,post,False,0.9988118811881188,0.985725614591594,99.44,0.0,0.0,0.6314058
control,2020-03-14 07:36:51.024,74,3,2020,post,False,1.0,0.9946534653465346,100.46000000000001,0.0,0.0,0.6196438
control,2020-04-03 07:36:11.024,94,4,2020,post,False,0.9051485148514852,0.9839203675344563,89.95,0.0,0.0,0.57176536
control,2020-05-13 07:36:21.024,134,5,2020,post,False,1.0,0.9911881188118812,100.11,0.0,0.0,0.6583247
control,2020-06-07 07:36:19.024,159,6,2020,post,False,0.8867326732673267,0.9245198749441715,82.8,0.0,0.0,0.56058824
control,2020-06-27 07:36:19.024,179,6,2020,post,False,0.9132673267326733,0.9585862966175195,88.42,0.00010841283607979184,0.01,0.5491406
control,2020-08-06 07:36:19.024,219,8,2020,post,False,0.9409900990099009,0.8600589225589226,81.74,0.0,0.0,0.42216477
control,2020-08-11 07:36:21.024,224,8,2020,post,False,0.9861386138613861,0.7490963855421687,74.61,0.0,0.0,0.37123114
control,2020-08-31 07:36:21.024,244,8,2020,post,False,1.0,0.7855445544554456,79.34,0.0,0.0,0.39255193
control,2020-09-25 07:36:49.024,269,9,2020,post,False,1.0,0.5311881188118812,53.65,0.0,0.0,0.31489688
control,2020-10-05 07:37:49.024,279,10,2020,post,True,0.9932673267326733,0.5156499202551834,51.730000000000004,0.0,0.0,0.32072228
control,2020-10-10 07:38:31.024,284,10,2020,post,True,1.0,0.5046534653465347,50.97,0.0,0.0,0.31245422
control,2020-10-15 07:39:09.024,289,10,2020,post,True,1.0,0.4913861386138614,49.63,0.0,0.0,0.31038496
control,2020-10-25 07:40:09.024,299,10,2020,post,True,0.8621782178217822,0.31798346348185574,27.69,0.0,0.0,0.25056165
control,2020-11-19 07:42:21.024,324,11,2020,post,True,0.8938613861386139,0.5176118741692513,46.730000000000004,0.0,0.0,0.3289513
control,2020-12-14 07:42:29.024,349,12,2020,post,True,1.0,0.9863366336633663,99.62,0.0,0.0,0.5634244
control,2021-01-03 07:42:19.024,3,1,2021,post,True,1.0,0.991980198019802,100.19,0.0,0.0,0.5969344
control,2021-01-08 07:43:11.024,8,1,2021,post,True,1.0,0.9904950495049505,100.04,0.0,0.0,0.6041998
control,2021-01-28 07:42:01.024,28,1,2021,post,True,1.0,0.9921782178217822,100.21000000000001,0.0,0.0,0.63906837
control,2021-02-02 07:40:29.024,33,2,2021,post,True,1.0,0.9882178217821782,99.81,0.0,0.0,0.60798347
control,2021-02-17 07:40:01.024,48,2,2021,post,True,1.0,0.9930693069306931,100.3,0.0,0.0,0.6004414
control,2021-02-27 07:38:51.024,58,2,2021,post,True,1.0,0.9761386138613861,98.59,0.0,0.0,0.5278765
control,2021-03-04 07:38:09.024,63,3,2021,post,True,0.9477227722772277,0.8720225658169661,83.47,0.0,0.0,0.4388105
control,2021-05-03 07:36:09.024,123,5,2021,post,True,0.956039603960396,0.9366197183098591,90.44,0.0,0.0,0.49031588
control,2021-06-07 07:36:11.024,158,6,2021,post,True,0.9952475247524752,0.9828889773179467,98.8,0.0,0.0,0.60432744
control,2021-07-22 07:36:19.024,203,7,2021,post,True,0.9548514851485148,0.9394442140190792,90.60000000000001,0.0,0.0,0.4723871
control,2021-08-21 07:36:09.024,233,8,2021,post,True,1.0,0.6688118811881189,67.55,0.0,0.0,0.34126604
control,2021-08-26 07:36:11.024,238,8,2021,post,True,1.0,0.6152475247524752,62.14,0.0,0.0,0.33413318
control,2021-09-25 07:36:41.024,268,9,2021,post,True,1.0,0.3295049504950495,33.28,0.0,0.0,0.2723521
control,2021-11-09 07:40:39.024,313,11,2021,post,True,1.0,0.30405940594059405,30.71,0.0,0.0,0.25805578
control,2021-11-14 07:41:51.024,318,11,2021,post,True,1.0,0.2723762376237624,27.51,0.0,0.0,0.24784026
control,2021-11-19 07:41:19.024,323,11,2021,post,True,1.0,0.45851485148514853,46.31,0.0,0.0,0.30184618
control,2021-11-24 07:42:41.024,328,11,2021,post,True,1.0,0.498019801980198,50.300000000000004,0.0,0.0,0.3175432
control,2021-12-09 07:42:19.024,343,12,2021,post,True,0.9996039603960396,0.9559231378763867,96.51,0.0,0.0,0.5063949
control,2021-12-19 07:42:29.024,353,12,2021,post,True,0.9863366336633663,0.9872515559124674,98.35000000000001,0.0,0.0,0.6262614
control,2021-12-29 07:42:29.024,363,12,2021,post,True,1.0,0.9972277227722772,100.72,0.0,0.0,0.674058
control,2022-01-03 07:43:21.024,3,1,2022,post,True,1.0,0.9962376237623762,100.62,0.0,0.0,0.689953
control,2022-01-13 07:43:01.024,13,1,2022,post,True,1.0,0.9957425742574257,100.57000000000001,0.0,0.0,0.67271215
control,2022-01-23 07:42:21.024,23,1,2022,post,True,1.0,0.9924752475247525,100.24000000000001,0.0,0.0,0.6463583
control,2022-01-28 07:40:49.024,28,1,2022,post,True,1.0,0.8920792079207921,90.10000000000001,0.0,0.0,0.38246205
control,2022-02-17 07:39:49.024,48,2,2022,post,True,1.0,0.5441584158415842,54.96,0.0,0.0,0.31366482
control,2022-02-27 07:38:49.024,58,2,2022,post,True,1.0,0.4862376237623762,49.11,9.900990099009902e-05,0.01,0.30582544
control,2022-03-14 07:37:11.024,73,3,2022,post,True,1.0,0.24148514851485148,24.39,0.0,0.0,0.2522631
control,2022-03-19 07:36:29.024,78,3,2022,post,True,0.8784158415841584,0.2098737601442741,18.62,0.0,0.0,0.24283835
control,2022-03-24 07:36:21.024,83,3,2022,post,True,0.9879207920792079,0.13489677290038085,13.46,0.00010022048506714773,0.01,0.22379948
control,2022-05-08 07:36:09.024,128,5,2022,post,True,1.0,0.4783168316831683,48.31,0.0,0.0,0.3041745
control,2022-07-02 07:36:31.024,183,7,2022,post,True,0.9908910891089109,0.0451638689048761,4.5200000000000005,0.0,0.0,0.2067926
control,2022-08-21 07:36:31.024,233,8,2022,post,True,1.0,0.0034653465346534654,0.35000000000000003,0.0,0.0,0.14746092
control,2022-09-10 07:36:21.024,253,9,2022,post,True,0.8528712871287129,0.0,0.0,0.0,0.0,0.11064474
control,2022-10-10 07:38:31.024,283,10,2022,post,True,1.0,0.001188118811881188,0.12,0.0,0.0,0.12904425
control,2022-10-25 07:39:59.024,298,10,2022,post,True,1.0,0.0015841584158415843,0.16,0.0,0.0,0.12945448
control,2022-11-04 07:40:09.024,308,11,2022,post,True,0.9473267326732673,0.0006270903010033445,0.06,0.0,0.0,0.115649655
control,2022-11-19 07:42:21.024,323,11,2022,post,True,0.9477227722772277,0.05411617216882574,5.18,0.0,0.0,0.17952152
control,2022-12-19 07:43:31.024,353,12,2022,post,True,1.0,0.624950495049505,63.120000000000005,0.0,0.0,0.32851905
control,2022-12-24 07:42:29.024,358,12,2022,post,True,0.8572277227722772,0.2647262647262647,22.92,0.030954030954030955,2.68,0.22524247
control,2023-01-18 07:42:31.024,18,1,2023,post,True,1.0,0.18386138613861386,18.57,0.0,0.0,0.24486943
control,2023-01-28 07:41:51.024,28,1,2023,post,True,1.0,0.08663366336633663,8.75,0.0,0.0,0.21288072
control,2023-02-02 07:40:29.024,33,2,2023,post,True,0.8821782178217822,0.022671156004489337,2.02,0.0,0.0,0.17157747
control,2023-02-07 07:41:01.024,38,2,2023,post,True,1.0,0.01722772277227723,1.74,0.0,0.0,0.18054844
control,2023-02-12 07:40:09.024,43,2,2023,post,True,1.0,0.020792079207920793,2.1,0.0,0.0,0.17813377
control,2023-02-17 07:40:01.024,48,2,2023,post,True,0.9433663366336633,0.00041981528127623844,0.04,0.0,0.0,0.14736888
control,2023-02-22 07:39:29.025,53,2,2023,post,True,1.0,0.0021782178217821784,0.22,0.0,0.0,0.15636443
control,2023-03-09 07:37:31.024,68,3,2023,post,True,1.0,0.006435643564356435,0.65,0.0,0.0,0.1574109
control,2023-03-24 07:36:19.024,83,3,2023,post,True,1.0,0.057623762376237626,5.82,0.0,0.0,0.17592908
control,2023-06-02 07:36:19.024,153,6,2023,post,True,1.0,0.8345544554455445,84.29,0.0,0.0,0.38309595
control,2023-07-27 07:36:21.024,208,7,2023,post,False,0.9275247524752476,0.010140905209222886,0.9500000000000001,0.0,0.0,0.18434906
control,2023-08-26 07:36:21.024,238,8,2023,post,False,1.0,0.015445544554455445,1.56,0.0,0.0,0.16767736
control,2023-09-10 07:36:19.024,253,9,2023,post,False,1.0,0.007821782178217822,0.79,0.0,0.0,0.15556642
control,2023-09-20 07:36:19.024,263,9,2023,post,False,1.0,0.008217821782178218,0.8300000000000001,0.0,0.0,0.14969915
control,2023-09-25 07:36:41.024,268,9,2023,post,False,1.0,0.00603960396039604,0.61,0.0,0.0,0.14648849
control,2023-10-10 07:38:29.024,283,10,2023,post,False,0.979009900990099,0.006877022653721683,0.68,0.0,0.0,0.14061925
control,2023-11-29 07:41:59.024,333,11,2023,post,False,1.0,0.6521782178217822,65.87,0.0,0.0,0.34224734
control,2023-12-24 07:43:31.024,358,12,2023,post,False,1.0,0.9445544554455445,95.4,0.0,0.0,0.43156773
control,2024-01-23 07:42:11.024,23,1,2024,post,False,1.0,0.9516831683168316,96.12,0.0,0.0,0.43730894
control,2024-03-08 07:37:39.024,68,3,2024,post,False,1.0,0.35158415841584156,35.51,0.0,0.0,0.27565858
control,2024-04-07 07:36:09.024,98,4,2024,post,False,1.0,0.5045544554455446,50.96,0.0,0.0,0.30362168
control,2024-04-12 07:36:11.024,103,4,2024,post,False,1.0,0.6184158415841584,62.46,0.0,0.0,0.33621138
control,2024-04-22 07:36:21.024,113,4,2024,post,False,1.0,0.7740594059405941,78.18,0.0,0.0,0.37867764
control,2024-05-27 07:36:09.024,148,5,2024,post,False,1.0,0.9618811881188118,97.15,0.0,0.0,0.44360757
control,2024-06-01 07:55:31.024,153,6,2024,post,False,1.0,0.9604950495049505,97.01,0.0,0.0,0.4386331
control,2024-06-16 07:36:19.024,168,6,2024,post,False,1.0,0.9382178217821782,94.76,0.0,0.0,0.39986753
control,2024-06-26 07:36:19.024,178,6,2024,post,False,1.0,0.9121782178217822,92.13,0.0,0.0,0.39048776
control,2024-08-05 07:36:19.024,218,8,2024,post,False,0.9148514851485149,0.462012987012987,42.69,0.0,0.0,0.29577824
control,2024-09-09 07:36:11.024,253,9,2024,post,False,1.0,0.25534653465346535,25.79,0.0,0.0,0.2591342
control,2024-10-04 07:36:59.024,278,10,2024,post,False,1.0,0.14316831683168316,14.46,0.0,0.0,0.22739291
control,2024-10-09 07:38:21.024,283,10,2024,post,False,1.0,0.12653465346534654,12.780000000000001,0.0,0.0,0.22003911
control,2024-11-18 07:42:11.024,323,11,2024,post,False,0.9342574257425743,0.2921788893598983,27.57,0.0,0.0,0.25101787
control,2024-11-23 07:41:39.024,328,11,2024,post,False,1.0,0.5257425742574258,53.1,0.0,0.0,0.309016
control,2024-12-08 07:43:21.024,343,12,2024,post,False,1.0,0.816039603960396,82.42,0.0,0.0,0.37278658
control,2024-12-13 07:42:29.024,348,12,2024,post,False,1.0,0.7433663366336634,75.08,0.0,0.0,0.3586762
control,2024-12-23 07:42:39.024,358,12,2024,post,False,0.9429702970297029,0.8850272994540109,84.29,0.0,0.0,0.4142268
control,2025-01-07 07:43:11.024,7,1,2025,post,False,1.0,0.8701980198019802,87.89,0.0,0.0,0.3720271
control,2025-01-22 07:41:29.024,22,1,2025,post,False,1.0,0.4023762376237624,40.64,0.0,0.0,0.2886023
control,2025-02-16 07:40:31.025,47,2,2025,post,False,1.0,0.32425742574257427,32.75,0.0,0.0,0.27337372
control,2025-02-21 07:38:39.024,52,2,2025,post,False,1.0,0.25613861386138614,25.87,0.0,0.0,0.26218423
control,2025-02-26 07:39:21.025,57,2,2025,post,False,0.9982178217821782,0.188057925014878,18.96,0.0,0.0,0.24420746
control,2025-03-03 07:37:29.024,62,3,2025,post,False,1.0,0.1705940594059406,17.23,0.0,0.0,0.23763841
control,2025-04-09 07:54:41.024,99,4,2025,post,False,1.0,0.774950495049505,78.27,0.0,0.0,0.36708465
control,2025-04-19 07:40:21.024,109,4,2025,post,False,0.9695049504950495,0.8379289215686274,82.05,0.0,0.0,0.39012185
control,2025-05-12 07:36:19.024,132,5,2025,post,False,0.8728712871287129,0.925589836660617,81.60000000000001,0.0,0.0,0.40994123
control,2025-06-16 07:36:31.025,167,6,2025,post,False,0.956039603960396,0.5340720795360397,51.57,0.0,0.0,0.30283126
control,2025-06-21 07:36:19.024,172,6,2025,post,False,1.0,0.5440594059405941,54.95,0.0,0.0,0.3059233
control,2025-07-26 07:36:41.025,207,7,2025,post,False,1.0,0.10524752475247524,10.63,0.0,0.0,0.22870919
control,2025-09-06 07:40:21.024,249,9,2025,post,False,1.0,0.011089108910891089,1.12,0.0,0.0,0.16658917
control,2025-09-14 07:36:31.025,257,9,2025,post,False,1.0,0.007920792079207921,0.8,0.0,0.0,0.1588633
control,2025-09-16 07:54:51.024,259,9,2025,post,False,0.9627722772277227,0.012340600575894693,1.2,0.0,0.0,0.16428745
control,2025-09-19 07:36:09.024,262,9,2025,post,False,0.8851485148514852,0.014429530201342283,1.29,0.0,0.0,0.16465765
control,2025-09-24 07:36:51.025,267,9,2025,post,False,1.0,0.004455445544554455,0.45,0.0,0.0,0.1580197
control,2025-09-26 07:40:31.024,269,9,2025,post,False,0.9952475247524752,0.006068444090728213,0.61,0.0,0.0,0.15360157
control,2025-09-29 07:36:19.024,272,9,2025,post,False,1.0,0.0066336633663366335,0.67,0.0,0.0,0.15508886
control,2025-10-19 07:38:39.024,292,10,2025,post,False,1.0,0.001386138613861386,0.14,0.0,0.0,0.14061658
control,2025-10-26 07:40:31.024,299,10,2025,post,False,0.9691089108910891,0.02656313853698406,2.6,0.0,0.0,0.16498059
control,2025-11-05 07:54:51.024,309,11,2025,post,False,1.0,0.1313861386138614,13.27,0.0,0.0,0.21404074
control,2025-12-25 07:43:51.024,359,12,2025,post,False,1.0,0.692079207920792,69.9,0.0,0.0,0.32874113
