date,source,image_id,pre_post,aoi_cloud_pct,tile_cloud_pct,NDVI_mean,NDVI_std,NDVI_min,NDVI_max,NDVI_p10,NDVI_p25,NDVI_p50,NDVI_p75,NDVI_p90,NDWI_mean,NDWI_std,NDWI_min,NDWI_max,NDWI_p10,NDWI_p25,NDWI_p50,NDWI_p75,NDWI_p90,MNDWI_mean,MNDWI_std,MNDWI_min,MNDWI_max,MNDWI_p10,MNDWI_p25,MNDWI_p50,MNDWI_p75,MNDWI_p90,chirps_30d_mm,flags,mgrs_tile,orbit_number,processing_baseline
2019-02-03,sentinel2,20190203T074129_20190203T075653_T37MCV,PRE,0.0,0.171061,0.530423,0.188709,0.010748,0.871443,0.267585,0.376924,0.564369,0.701233,0.751857,-0.526333,0.10263,-0.787948,-0.069905,-0.638695,-0.603554,-0.548841,-0.462911,-0.384704,-0.429621,0.067183,-0.672354,0.468401,-0.50382,-0.472496,-0.433581,-0.394533,-0.355536,36.03,PRE_INTERVENTION,37MCV,92,02.11
2019-02-13,sentinel2,20190213T074029_20190213T075212_T37MCV,PRE,0.0,13.652678,0.477841,0.177413,-0.000995,0.853573,0.236295,0.33409,0.498007,0.630873,0.693309,-0.490406,0.096842,-0.783368,-0.063898,-0.599606,-0.560492,-0.505878,-0.427783,-0.361496,-0.424447,0.062203,-0.634728,0.200256,-0.501997,-0.46287,-0.423858,-0.388628,-0.353525,8.586,PRE_INTERVENTION,37MCV,92,02.11
2019-02-18,sentinel2,20190218T073951_20190218T075657_T37MCV,PRE,0.0,2.435539,0.481411,0.17275,-0.023865,0.894962,0.244124,0.34958,0.498042,0.623084,0.693436,-0.503182,0.100213,-0.836145,-0.022196,-0.615152,-0.572248,-0.517606,-0.447252,-0.373159,-0.4407,0.075583,-0.711224,0.516667,-0.527333,-0.480417,-0.441408,-0.402404,-0.363509,12.822,PRE_INTERVENTION,37MCV,92,02.11
2019-02-28,sentinel2,20190228T073841_20190228T075022_T37MCV,PRE,0.0,0.960156,0.40088,0.15106,-0.022053,0.872826,0.216786,0.291059,0.388687,0.509744,0.607364,-0.460017,0.093006,-0.816775,0.0042,-0.572299,-0.521462,-0.458988,-0.404293,-0.349591,-0.445561,0.06809,-0.684032,0.318445,-0.519288,-0.488276,-0.449256,-0.410323,-0.371204,14.898,PRE_INTERVENTION,37MCV,92,02.11
2019-03-10,sentinel2,20190310T073731_20190310T074946_T37MCV,PRE,0.65,1.131264,0.330402,0.128479,-0.01385,0.840973,0.185577,0.244209,0.31444,0.396478,0.509758,-0.41735,0.088648,-0.776507,0.003599,-0.529277,-0.466768,-0.415958,-0.36908,-0.310584,-0.429172,0.085746,-0.66623,0.490058,-0.511525,-0.480438,-0.441383,-0.402413,-0.33988,7.733,PRE_INTERVENTION,37MCV,92,02.11
2019-03-20,sentinel2,20190320T073621_20190320T075937_T37MCV,PRE,1.53,31.139852,0.302944,0.121032,-0.009371,0.826595,0.169994,0.228511,0.287159,0.361381,0.45895,-0.396761,0.08637,-0.760563,0.017891,-0.50183,-0.443313,-0.39654,-0.349657,-0.291139,-0.433432,0.080324,-0.654854,0.366625,-0.51163,-0.480404,-0.449203,-0.402496,-0.339951,2.593,PRE_INTERVENTION,37MCV,92,02.11
2019-03-30,sentinel2,20190330T073611_20190330T075523_T37MCV,PRE,11.22,14.535721,0.325183,0.138735,-0.066792,0.860494,0.173834,0.228548,0.302698,0.400416,0.513646,-0.391978,0.105877,-0.790171,0.060783,-0.521496,-0.451163,-0.392623,-0.333919,-0.255938,-0.421007,0.10041,-0.709357,0.41236,-0.519419,-0.488271,-0.441426,-0.378864,-0.27747,22.741,PRE_INTERVENTION,37MCV,92,02.11
2019-04-19,sentinel2,20190419T073621_20190419T075106_T37MCV,PRE,15.89,22.880804,0.332462,0.160625,-0.160908,0.872095,0.168123,0.222718,0.292938,0.417763,0.574095,-0.385294,0.11265,-0.770978,0.01889,-0.537187,-0.455073,-0.376936,-0.314456,-0.244223,-0.418079,0.09049,-0.651717,0.296884,-0.509743,-0.482457,-0.439489,-0.37317,-0.283235,22.741,PRE_INTERVENTION,37MCV,92,02.11
2019-04-29,sentinel2,20190429T073621_20190429T075426_T37MCV,PRE,11.42,14.37562,0.411778,0.186517,-0.102593,0.888948,0.189516,0.263643,0.384744,0.548809,0.689378,-0.412977,0.133693,-0.787989,0.024119,-0.591818,-0.509788,-0.416071,-0.322147,-0.228387,-0.379479,0.097914,-0.726306,0.193884,-0.494089,-0.451108,-0.392601,-0.314467,-0.240312,204.627,PRE_INTERVENTION,37MCV,92,02.11
2019-09-16,sentinel2,20190916T073611_20190916T075413_T37MCV,PRE,6.91,4.97857,0.533281,0.251714,-0.120496,0.889315,0.183727,0.292803,0.558583,0.784986,0.832102,-0.509027,0.153514,-0.777645,-0.035783,-0.693361,-0.650366,-0.529161,-0.384851,-0.294947,-0.420175,0.084615,-0.773731,0.485961,-0.496082,-0.472572,-0.441426,-0.394565,-0.300578,29.049,PRE_INTERVENTION,37MCV,92,02.13
2019-09-21,sentinel2,20190921T073609_20190921T075739_T37MCV,PRE,12.54,36.193711,0.508617,0.239021,-0.208826,0.864317,0.183612,0.285095,0.527742,0.746075,0.80082,-0.468331,0.154963,-0.73985,0.038986,-0.666061,-0.615312,-0.474662,-0.334003,-0.259705,-0.354095,0.086102,-0.642119,0.281132,-0.4433,-0.416018,-0.376965,-0.306636,-0.224628,29.049,PRE_INTERVENTION,37MCV,92,02.13
2019-10-01,sentinel2,20191001T073719_20191001T075338_T37MCV,PRE,1.89,17.738435,0.538341,0.261657,-0.173077,0.910759,0.167972,0.292893,0.582216,0.792908,0.847654,-0.527694,0.157685,-0.8,0.064103,-0.716835,-0.66994,-0.548921,-0.400431,-0.314441,-0.441877,0.070825,-0.789876,0.314208,-0.51155,-0.480433,-0.449319,-0.410246,-0.363326,17.265,PRE_INTERVENTION,37MCV,92,02.13
2019-10-21,sentinel2,20191021T073939_20191021T075525_T37MCV,PRE,12.29,25.447637,0.532254,0.270197,-0.453237,0.96063,0.16004,0.316402,0.54302,0.800854,0.855456,-0.474051,0.202817,-0.830357,0.373695,-0.707074,-0.652289,-0.49621,-0.339876,-0.175722,-0.304206,0.168787,-0.674303,0.801312,-0.456852,-0.410191,-0.355499,-0.246409,-0.074283,211.795,PRE_INTERVENTION,37MCV,92,02.13
2020-02-08,sentinel2,20200208T074009_20200208T075621_T37MCV,PRE,12.9,15.538592,0.524939,0.169378,-0.004013,0.889947,0.279056,0.404253,0.556589,0.658234,0.720686,-0.478281,0.123782,-0.805256,-0.078242,-0.615178,-0.572354,-0.505989,-0.396478,-0.291134,-0.350126,0.093224,-0.647962,0.216797,-0.451193,-0.415991,-0.373075,-0.295065,-0.213005,78.424,PRE_INTERVENTION,37MCV,92,02.14
2020-04-03,sentinel2,20200403T073611_20200403T075522_T37MCV,PRE,17.18,34.080414,0.514164,0.166932,-0.010028,0.887807,0.275307,0.404297,0.541055,0.638604,0.709124,-0.466139,0.119447,-0.799258,-0.051692,-0.603488,-0.548801,-0.482428,-0.392535,-0.28715,-0.358794,0.09526,-0.665049,0.408082,-0.456926,-0.425817,-0.379017,-0.316528,-0.230692,103.71,PRE_INTERVENTION,37MCV,92,02.14
2020-04-28,sentinel2,20200428T073609_20200428T074848_T37MCV,PRE,8.67,35.931911,0.575297,0.184165,-0.43862,0.901915,0.308815,0.480343,0.621096,0.706965,0.769423,-0.506461,0.129165,-0.826254,0.341121,-0.644477,-0.589808,-0.52727,-0.449173,-0.324168,-0.359711,0.108236,-0.701463,0.629139,-0.464788,-0.425718,-0.378933,-0.316449,-0.238391,548.952,PRE_INTERVENTION,37MCV,92,02.14
2020-05-13,sentinel2,20200513T073621_20200513T075311_T37MCV,PRE,0.04,3.563141,0.577294,0.214259,-0.465753,0.914298,0.292813,0.472614,0.628847,0.730533,0.800834,-0.530282,0.155036,-0.827153,0.364341,-0.683473,-0.628939,-0.558607,-0.472722,-0.34741,-0.408456,0.161217,-0.695431,0.718427,-0.511646,-0.480406,-0.449183,-0.402398,-0.308698,585.87,PRE_INTERVENTION,37MCV,92,02.14
2020-05-18,sentinel2,20200518T073609_20200518T075715_T37MCV,PRE,3.69,16.232258,0.574377,0.197408,-0.418291,0.910608,0.30074,0.465046,0.613289,0.722726,0.793021,-0.50625,0.144392,-0.804489,0.368335,-0.66019,-0.605386,-0.53516,-0.43363,-0.316363,-0.345608,0.151521,-0.695962,0.773784,-0.47264,-0.433554,-0.386742,-0.31667,-0.183544,555.177,PRE_INTERVENTION,37MCV,92,02.14
2020-05-28,sentinel2,20200528T073619_20200528T075944_T37MCV,PRE,10.06,5.917055,0.531028,0.196741,-0.233106,0.894606,0.245845,0.394613,0.558764,0.691411,0.76947,-0.492903,0.142506,-0.808198,0.154426,-0.658233,-0.599569,-0.513648,-0.408221,-0.287048,-0.360816,0.148832,-0.704452,0.661046,-0.488143,-0.449168,-0.39456,-0.324229,-0.207243,143.726,PRE_INTERVENTION,37MCV,92,02.14
2020-09-10,sentinel2,20200910T073621_20200910T074202_T37MCV,PRE,0.0,15.179899,0.500518,0.196563,-0.003344,0.853483,0.22852,0.33795,0.517581,0.677819,0.74797,-0.467534,0.115075,-0.731892,0.034706,-0.615272,-0.560537,-0.474639,-0.384708,-0.31457,-0.386694,0.100985,-0.660771,0.57478,-0.488238,-0.449163,-0.402341,-0.347624,-0.277579,16.361,PRE_INTERVENTION,37MCV,92,02.14
2020-09-15,sentinel2,20200915T073619_20200915T075442_T37MCV,PRE,7.02,27.656411,0.539788,0.249529,-0.10664,0.903081,0.191403,0.30863,0.574107,0.785182,0.832027,-0.499996,0.154609,-0.775541,-0.001901,-0.681558,-0.63869,-0.525406,-0.380797,-0.275512,-0.416468,0.092671,-0.652091,0.546686,-0.503618,-0.472609,-0.433724,-0.379054,-0.293067,15.934,PRE_INTERVENTION,37MCV,92,02.14
2020-10-05,sentinel2,20201005T073749_20201005T075242_T37MCV,PRE,0.0,4.466831,0.57644,0.264525,-0.07713,0.910327,0.201115,0.330156,0.630821,0.837952,0.869102,-0.563205,0.156982,-0.797121,0.002905,-0.740216,-0.712862,-0.588048,-0.427713,-0.34962,-0.461834,0.056766,-0.715718,0.178698,-0.521398,-0.494156,-0.466835,-0.435543,-0.396574,13.146,PRE_INTERVENTION,37MCV,92,02.14
2020-10-10,sentinel2,20201010T073831_20201010T075617_T37MCV,PRE,0.36,19.988202,0.557985,0.259157,-0.004916,0.894433,0.193395,0.310509,0.611335,0.814405,0.845666,-0.547272,0.155975,-0.803716,-0.041024,-0.724573,-0.693354,-0.572339,-0.412134,-0.334027,-0.441158,0.053822,-0.675222,0.119316,-0.49802,-0.470698,-0.447207,-0.416018,-0.377025,3.366,PRE_INTERVENTION,37MCV,92,02.14
2021-02-02,sentinel2,20210202T074029_20210202T075440_T37MCV,PRE,0.0,0.214886,0.580285,0.188648,0.008913,0.891607,0.302755,0.451186,0.62706,0.740229,0.787041,-0.55477,0.107113,-0.809709,-0.05718,-0.66604,-0.630854,-0.580112,-0.498145,-0.404202,-0.437658,0.066335,-0.789358,0.481097,-0.519446,-0.480402,-0.433572,-0.394606,-0.363501,38.534,PRE_INTERVENTION,37MCV,92,02.14
2021-02-27,sentinel2,20210227T073851_20210227T074158_T37MCV,PRE,0.0,0.000438,0.485306,0.155045,-0.094118,0.888613,0.279375,0.380893,0.50197,0.59966,0.673813,-0.507237,0.102047,-0.829969,0.041855,-0.622937,-0.576166,-0.517636,-0.447258,-0.376856,-0.443243,0.091535,-0.728311,0.562341,-0.535059,-0.496061,-0.449199,-0.410189,-0.363414,32.949,PRE_INTERVENTION,37MCV,92,05.00
2021-03-14,sentinel2,20210314T073659_20210314T075439_T37MCV,PRE,0.04,5.430758,0.364034,0.125719,-0.004072,0.835892,0.224539,0.283252,0.345674,0.435462,0.5371,-0.430089,0.089743,-0.757025,-0.045299,-0.548817,-0.482413,-0.423815,-0.380908,-0.314532,-0.433702,0.086808,-0.685842,0.377302,-0.511566,-0.480329,-0.449301,-0.410259,-0.339837,47.248,PRE_INTERVENTION,37MCV,92,02.14
2021-03-29,sentinel2,20210329T073611_20210329T074156_T37MCV,PRE,4.55,15.638562,0.366777,0.147105,-0.038686,0.878639,0.185496,0.267538,0.353509,0.455101,0.564277,-0.409314,0.117617,-0.816327,0.032992,-0.556684,-0.47846,-0.415974,-0.341767,-0.251952,-0.423704,0.110047,-0.686759,0.380308,-0.52728,-0.49613,-0.457076,-0.371179,-0.261638,27.797,PRE_INTERVENTION,37MCV,92,02.14
2021-04-03,sentinel2,20210403T073609_20210403T075438_T37MCV,PRE,9.85,45.000953,0.406734,0.147629,-0.059704,0.846896,0.224738,0.306648,0.400415,0.50196,0.603538,-0.410466,0.104825,-0.747419,-0.024038,-0.541053,-0.474534,-0.416013,-0.349634,-0.267567,-0.376411,0.105372,-0.647699,0.390466,-0.480468,-0.449137,-0.402445,-0.332012,-0.238224,46.159,PRE_INTERVENTION,37MCV,92,03.00
2021-05-08,sentinel2,20210508T073611_20210508T074157_T37MCV,PRE,4.7,31.499952,0.626873,0.17946,-0.117673,0.923838,0.371306,0.550836,0.667947,0.7539,0.816436,-0.541201,0.122813,-0.808335,0.073563,-0.673748,-0.622985,-0.564452,-0.490234,-0.365214,-0.369938,0.085863,-0.760779,0.556667,-0.456783,-0.42571,-0.386804,-0.332104,-0.261674,167.568,PRE_INTERVENTION,37MCV,92,03.00
2021-05-18,sentinel2,20210518T073611_20210518T074158_T37MCV,PRE,18.54,34.412773,0.583397,0.164081,-0.056862,0.872669,0.345715,0.490193,0.615162,0.709033,0.771515,-0.509395,0.121781,-0.768209,-0.000474,-0.650274,-0.599612,-0.529247,-0.447384,-0.3301,-0.343206,0.082096,-0.579751,0.339806,-0.431624,-0.400405,-0.361296,-0.302776,-0.228425,275.052,PRE_INTERVENTION,37MCV,92,03.00
2021-09-25,sentinel2,20210925T073641_20210925T074201_T37MCV,PRE,1.3,31.841958,0.490851,0.241737,-0.040293,0.967041,0.167957,0.28508,0.480406,0.722974,0.816466,-0.484157,0.142029,-0.826186,0.088922,-0.673848,-0.603492,-0.482436,-0.376947,-0.294968,-0.414478,0.090886,-0.675506,0.37,-0.511499,-0.472656,-0.43359,-0.371196,-0.292994,9.297,PRE_INTERVENTION,37MCV,92,03.01
2021-10-15,sentinel2,20211015T073901_20211015T074204_T37MCV,PRE,2.95,12.566621,0.516114,0.248232,-0.066143,0.888767,0.169879,0.287043,0.537096,0.763623,0.818263,-0.507337,0.150198,-0.795657,-0.028688,-0.693358,-0.646535,-0.517462,-0.388612,-0.306647,-0.408991,0.07131,-0.650405,0.171979,-0.486266,-0.451054,-0.415968,-0.380854,-0.326142,27.204,PRE_INTERVENTION,37MCV,92,03.01
2021-10-25,sentinel2,20211025T074011_20211025T074204_T37MCV,PRE,5.42,13.91863,0.539208,0.254411,-0.087486,0.914062,0.183626,0.308781,0.574178,0.793088,0.839871,-0.512822,0.155303,-0.814182,0.060574,-0.693324,-0.650364,-0.540979,-0.388586,-0.291066,-0.397459,0.085463,-0.692921,0.387229,-0.496107,-0.449147,-0.402357,-0.355493,-0.301024,35.27,PRE_INTERVENTION,37MCV,92,03.01
2022-02-12,sentinel2,20220212T074031_20220212T075549_T37MCV,POST,0.02,19.320978,0.476167,0.170985,-0.014557,0.885671,0.240061,0.349489,0.497985,0.611383,0.685599,-0.513836,0.105369,-0.828266,-0.048761,-0.630826,-0.587852,-0.533174,-0.451131,-0.369087,-0.458341,0.064603,-0.7035,0.163926,-0.533196,-0.498057,-0.458999,-0.423898,-0.388662,24.038,POST_INTERVENTION|NEAR_INTERVENTION,37MCV,92,04.00
2022-02-27,sentinel2,20220227T073849_20220227T075436_T37MCV,POST,0.0,0.460214,0.379983,0.142272,-0.003953,0.874068,0.220754,0.27543,0.361261,0.474645,0.580031,-0.455287,0.091766,-0.80894,-0.042389,-0.568331,-0.51369,-0.4551,-0.400406,-0.353593,-0.457588,0.0693,-0.737793,0.424332,-0.527202,-0.496004,-0.464821,-0.433798,-0.386752,15.841,POST_INTERVENTION|NEAR_INTERVENTION,37MCV,92,04.00
2022-03-04,sentinel2,20220304T073821_20220304T074203_T37MCV,POST,0.0,4.298154,0.33694,0.119421,0.020194,0.804866,0.212893,0.251929,0.314514,0.408208,0.509719,-0.424014,0.079337,-0.758162,-0.081588,-0.52547,-0.470751,-0.416001,-0.376967,-0.334118,-0.436415,0.063171,-0.670562,0.252818,-0.494059,-0.470737,-0.447263,-0.416052,-0.37307,14.095,POST_INTERVENTION,37MCV,92,04.00
2022-03-09,sentinel2,20220309T073739_20220309T075438_T37MCV,POST,11.05,29.003939,0.309456,0.120658,-0.014898,0.82764,0.189483,0.228481,0.283273,0.369137,0.478633,-0.405615,0.084691,-0.775728,-0.040089,-0.513602,-0.451176,-0.396473,-0.36141,-0.310565,-0.43493,0.068562,-0.655159,0.326419,-0.501907,-0.474569,-0.447275,-0.40823,-0.353637,10.985,POST_INTERVENTION,37MCV,92,04.00
2022-03-14,sentinel2,20220314T073711_20220314T074201_T37MCV,POST,0.0,9.949888,0.312871,0.128022,-0.017713,0.878818,0.189522,0.228505,0.283209,0.372995,0.494104,-0.424605,0.088698,-0.808493,-0.036154,-0.544939,-0.470726,-0.4121,-0.377031,-0.334168,-0.457232,0.073217,-0.716454,0.330073,-0.527278,-0.496052,-0.464807,-0.433672,-0.386796,10.985,POST_INTERVENTION,37MCV,92,04.00
2022-03-19,sentinel2,20220319T073629_20220319T075418_T37MCV,POST,0.0,12.881126,0.293496,0.11508,-0.000256,0.823761,0.185602,0.220714,0.267575,0.345788,0.455102,-0.399582,0.079122,-0.754141,-0.065824,-0.501974,-0.435582,-0.388695,-0.357451,-0.314538,-0.439434,0.064765,-0.658427,0.199199,-0.501979,-0.478502,-0.447238,-0.416036,-0.373111,10.985,POST_INTERVENTION,37MCV,92,04.00
2022-04-08,sentinel2,20220408T073609_20220408T075437_T37MCV,POST,10.94,24.822864,0.337635,0.141752,-0.038516,0.84257,0.185463,0.228474,0.306622,0.419818,0.544872,-0.392577,0.092736,-0.76259,-0.018309,-0.521439,-0.447255,-0.376986,-0.330052,-0.294992,-0.431466,0.065259,-0.63315,0.089326,-0.494118,-0.474605,-0.447268,-0.408167,-0.345786,35.054,POST_INTERVENTION,37MCV,92,04.00
2022-05-13,sentinel2,20220513T073621_20220513T075444_T37MCV,POST,14.91,16.630423,0.563474,0.172478,-0.079365,0.887974,0.314431,0.462762,0.591761,0.693321,0.763627,-0.516665,0.119016,-0.781872,0.069341,-0.654212,-0.603491,-0.533225,-0.4512,-0.34181,-0.410186,0.089591,-0.725396,0.658664,-0.488083,-0.464897,-0.425818,-0.379124,-0.300885,228.716,POST_INTERVENTION,37MCV,92,04.00
2022-05-23,sentinel2,20220523T073621_20220523T075447_T37MCV,POST,0.0,3.476787,0.518985,0.19328,-0.11746,0.879842,0.222667,0.394533,0.550845,0.667963,0.746108,-0.502212,0.138829,-0.790326,0.102647,-0.654263,-0.603484,-0.525427,-0.435605,-0.294732,-0.384252,0.162666,-0.707251,0.581734,-0.495978,-0.472637,-0.433576,-0.3713,-0.230608,86.666,POST_INTERVENTION,37MCV,92,04.00
2022-10-05,sentinel2,20221005T073739_20221005T075436_T37MCV,POST,7.63,8.77791,0.522477,0.238879,-0.000947,0.880707,0.189333,0.302761,0.54099,0.759776,0.81439,-0.503196,0.138022,-0.772812,-0.055568,-0.677752,-0.63091,-0.509696,-0.388589,-0.318414,-0.417983,0.068029,-0.638813,0.349099,-0.486328,-0.458965,-0.427733,-0.38868,-0.337965,8.211,POST_INTERVENTION,37MCV,92,04.00
2023-02-07,sentinel2,20230207T074101_20230207T075440_T37MCV,POST,0.0,7.199309,0.474306,0.187994,0.010536,0.839629,0.212851,0.314312,0.490241,0.63867,0.712877,-0.501994,0.10651,-0.773181,-0.068715,-0.630802,-0.584077,-0.517617,-0.42774,-0.353565,-0.428416,0.054024,-0.675255,0.220698,-0.494033,-0.462837,-0.43161,-0.396487,-0.361385,19.445,POST_INTERVENTION,37MCV,92,05.09
2023-02-12,sentinel2,20230212T074009_20230212T075436_T37MCV,POST,5.0,6.731245,0.452847,0.1708,0.036616,0.814889,0.216807,0.306546,0.462924,0.599612,0.673874,-0.480313,0.096348,-0.737958,-0.088915,-0.59959,-0.556661,-0.490269,-0.412066,-0.349658,-0.403321,0.048778,-0.638283,0.150943,-0.462913,-0.435429,-0.404328,-0.373057,-0.34576,19.445,POST_INTERVENTION,37MCV,92,05.09
2023-02-17,sentinel2,20230217T074001_20230217T075436_T37MCV,POST,1.41,22.263436,0.422945,0.169019,0.001079,0.836452,0.197299,0.283245,0.427674,0.564443,0.646322,-0.462861,0.097589,-0.770869,-0.029478,-0.583968,-0.537129,-0.47073,-0.392592,-0.333965,-0.412396,0.052705,-0.664097,0.066667,-0.474533,-0.447222,-0.415959,-0.380877,-0.349663,19.735,POST_INTERVENTION,37MCV,92,05.09
2023-02-22,sentinel2,20230222T073929_20230222T075440_T37MCV,POST,0.0,4.749069,0.379998,0.14676,0.016572,0.807791,0.189435,0.259822,0.38094,0.50195,0.572381,-0.440787,0.085131,-0.744867,-0.074197,-0.540936,-0.505897,-0.447262,-0.380862,-0.333972,-0.406997,0.048401,-0.63858,0.09984,-0.466755,-0.439448,-0.408211,-0.376957,-0.349659,19.735,POST_INTERVENTION,37MCV,92,05.09
2023-03-04,sentinel2,20230304T073819_20230304T075710_T37MCV,POST,0.7,16.954118,0.326909,0.132796,-0.006786,0.853489,0.169924,0.224547,0.314347,0.419963,0.497873,-0.413525,0.084524,-0.772766,-0.071003,-0.513615,-0.466768,-0.412059,-0.35745,-0.314371,-0.420714,0.056243,-0.667477,0.301754,-0.48635,-0.451199,-0.419975,-0.392619,-0.361325,1.688,POST_INTERVENTION,37MCV,92,05.09
2023-04-03,sentinel2,20230403T073619_20230403T075443_T37MCV,POST,12.33,45.469856,0.395915,0.192457,-1.0,0.947817,0.160542,0.269601,0.38695,0.519485,0.652461,-0.430385,0.144159,-0.83672,0.304822,-0.605441,-0.511836,-0.433446,-0.363355,-0.246101,-0.271253,0.245681,-1.0,0.905376,-0.503804,-0.433598,-0.339754,-0.183575,0.066708,85.923,POST_INTERVENTION,37MCV,92,05.09
2023-05-23,sentinel2,20230523T073619_20230523T075441_T37MCV,POST,7.16,47.629878,0.563818,0.232989,-0.307563,0.925817,0.191308,0.425598,0.621048,0.746104,0.824278,-0.51375,0.175204,-0.825023,0.288838,-0.699253,-0.644382,-0.550795,-0.425641,-0.24623,-0.343227,0.218767,-0.7501,0.84,-0.495998,-0.464855,-0.410284,-0.33203,-0.112963,221.69,POST_INTERVENTION,37MCV,92,05.09
2023-09-20,sentinel2,20230920T073619_20230920T075845_T37MCV,POST,0.0,27.207696,0.557388,0.243921,-0.018647,0.903889,0.209135,0.349554,0.587983,0.794875,0.849633,-0.528029,0.148629,-0.822832,0.024591,-0.712899,-0.662136,-0.540981,-0.41598,-0.322113,-0.425083,0.076432,-0.759255,0.297552,-0.503804,-0.472585,-0.441381,-0.39456,-0.339824,17.999,POST_INTERVENTION,37MCV,92,05.09
2023-09-25,sentinel2,20230925T073641_20230925T075645_T37MCV,POST,0.0,16.285424,0.565938,0.239818,-0.0267,0.899798,0.216836,0.361271,0.603476,0.798808,0.841787,-0.544194,0.150054,-0.824338,-0.002503,-0.724666,-0.681694,-0.560509,-0.427795,-0.337877,-0.437268,0.066835,-0.782618,0.350081,-0.503808,-0.480386,-0.449233,-0.410183,-0.3634,17.999,POST_INTERVENTION,37MCV,92,05.09
2024-02-02,sentinel2,20240202T074131_20240202T075430_T37MCV,POST,0.0,23.14142,0.551696,0.18382,-0.102842,0.910701,0.277154,0.433704,0.597732,0.699168,0.753734,-0.539616,0.111876,-0.835944,0.086777,-0.654321,-0.615265,-0.564441,-0.490263,-0.380963,-0.441163,0.076799,-0.706626,0.485887,-0.535051,-0.488286,-0.441373,-0.394571,-0.363344,54.905,POST_INTERVENTION,37MCV,92,05.10
2024-02-07,sentinel2,20240207T074009_20240207T075435_T37MCV,POST,18.06,36.037624,0.474779,0.162301,-0.040026,0.850917,0.252051,0.357383,0.498033,0.607509,0.66996,-0.455219,0.104347,-0.769349,0.018059,-0.572191,-0.533215,-0.474657,-0.388633,-0.310528,-0.362402,0.08506,-0.698358,0.513678,-0.464667,-0.418046,-0.363366,-0.316532,-0.254074,49.842,POST_INTERVENTION,37MCV,92,05.10
2024-02-22,sentinel2,20240222T073931_20240222T075432_T37MCV,POST,0.0,28.202173,0.399807,0.1483,-0.045182,0.856611,0.213017,0.287126,0.400418,0.509772,0.591789,-0.44369,0.097113,-0.786584,0.006232,-0.556562,-0.509688,-0.451216,-0.380885,-0.326115,-0.412953,0.08237,-0.685524,0.412711,-0.495987,-0.456979,-0.417866,-0.379081,-0.331923,0.0,POST_INTERVENTION,37MCV,92,05.10
2024-02-27,sentinel2,20240227T073859_20240227T075435_T37MCV,POST,0.0,25.49386,0.379559,0.150587,-0.072928,0.882495,0.201083,0.271466,0.3691,0.482456,0.576173,-0.433783,0.105055,-0.806077,0.053453,-0.564289,-0.498121,-0.431596,-0.369189,-0.310572,-0.412689,0.095817,-0.736167,0.678105,-0.511584,-0.472606,-0.425729,-0.371328,-0.308805,0.0,POST_INTERVENTION,37MCV,92,05.10
2024-03-08,sentinel2,20240308T073739_20240308T075756_T37MCV,POST,17.0,14.963683,0.360815,0.145096,-0.153488,0.894911,0.199163,0.261814,0.339774,0.448976,0.558681,-0.409604,0.105313,-0.809675,0.170213,-0.548837,-0.470776,-0.400295,-0.349679,-0.283165,-0.393361,0.136588,-0.729317,0.723188,-0.511551,-0.480445,-0.425846,-0.347626,-0.237938,32.771,POST_INTERVENTION,37MCV,92,05.10
2024-03-13,sentinel2,20240313T073711_20240313T075700_T37MCV,POST,0.0,5.918902,0.371246,0.145033,-0.033485,0.894078,0.205111,0.271388,0.353495,0.455071,0.568327,-0.424687,0.102759,-0.811516,-0.010206,-0.560477,-0.482399,-0.416026,-0.365194,-0.298834,-0.437898,0.092181,-0.74613,0.374598,-0.527206,-0.496019,-0.457034,-0.402499,-0.332073,35.231,POST_INTERVENTION,37MCV,92,05.10
2024-03-23,sentinel2,20240323T073611_20240323T075510_T37MCV,POST,15.02,25.083148,0.426993,0.162444,-0.051749,0.886953,0.212771,0.318411,0.427733,0.537089,0.638769,-0.453454,0.11401,-0.807913,0.028287,-0.595672,-0.525341,-0.455064,-0.3848,-0.306598,-0.41097,0.102851,-0.761815,0.394781,-0.519495,-0.480536,-0.42577,-0.355564,-0.277297,54.689,POST_INTERVENTION,37MCV,92,05.10
2024-04-22,sentinel2,20240422T073621_20240422T075353_T37MCV,POST,0.0,12.280364,0.610833,0.188758,-0.328748,0.920304,0.332166,0.519697,0.660207,0.746087,0.800679,-0.541136,0.125627,-0.827439,0.243997,-0.675763,-0.628958,-0.566307,-0.488437,-0.371242,-0.381719,0.101022,-0.793041,0.728682,-0.480369,-0.441392,-0.394533,-0.347732,-0.2775,397.23,POST_INTERVENTION,37MCV,92,05.10
2024-04-27,sentinel2,20240427T073609_20240427T075435_T37MCV,POST,1.11,45.064619,0.607828,0.220108,-0.376884,0.940692,0.285267,0.511585,0.667962,0.761626,0.824218,-0.541871,0.143172,-0.831539,0.220293,-0.69154,-0.636792,-0.574321,-0.480602,-0.340089,-0.370457,0.150882,-0.801621,0.849315,-0.488326,-0.449155,-0.402303,-0.34,-0.254166,513.306,POST_INTERVENTION,37MCV,92,05.10
2024-05-02,sentinel2,20240502T073621_20240502T075440_T37MCV,POST,5.36,33.497551,0.587268,0.19853,-0.497046,0.972688,0.324151,0.464863,0.62886,0.730466,0.808526,-0.530705,0.145173,-0.869233,0.431298,-0.691204,-0.636646,-0.558649,-0.449098,-0.331962,-0.388725,0.120689,-0.788723,0.514223,-0.519521,-0.464787,-0.410185,-0.332149,-0.215164,649.078,POST_INTERVENTION,37MCV,92,05.10
2024-09-09,sentinel2,20240909T073611_20240909T075950_T37MCV,POST,6.57,28.985864,0.505436,0.198636,0.005487,0.880326,0.2363,0.349674,0.505827,0.677696,0.771362,-0.481866,0.116724,-0.763308,-0.0394,-0.634803,-0.572296,-0.486364,-0.404211,-0.326254,-0.395197,0.095987,-0.697009,0.54724,-0.495886,-0.456979,-0.410203,-0.347669,-0.285233,17.451,POST_INTERVENTION,37MCV,92,05.11
2024-09-14,sentinel2,20240914T073609_20240914T075345_T37MCV,POST,0.0,3.718827,0.536251,0.221963,-0.045414,0.891284,0.232443,0.35351,0.541054,0.748068,0.818353,-0.508284,0.129312,-0.797075,-0.002083,-0.669855,-0.615232,-0.517532,-0.416007,-0.329999,-0.421863,0.089135,-0.704409,0.450279,-0.503857,-0.472543,-0.433597,-0.386828,-0.332132,17.451,POST_INTERVENTION,37MCV,92,05.11
2024-09-29,sentinel2,20240929T073721_20240929T075438_T37MCV,POST,0.0,9.306528,0.571572,0.238083,-0.020833,0.896265,0.232474,0.365388,0.607539,0.80665,0.841851,-0.544488,0.148731,-0.793327,0.04902,-0.716818,-0.681676,-0.564365,-0.431627,-0.337984,-0.432285,0.072807,-0.669091,0.310236,-0.502121,-0.474595,-0.443317,-0.408229,-0.357513,4.344,POST_INTERVENTION,37MCV,92,05.11
2024-10-04,sentinel2,20241004T073659_20241004T075531_T37MCV,POST,0.0,15.247302,0.565921,0.237123,0.001503,0.88594,0.228333,0.353579,0.599692,0.802779,0.833949,-0.541499,0.144804,-0.784084,-0.021505,-0.712905,-0.677772,-0.55663,-0.423834,-0.341862,-0.423947,0.061486,-0.702512,0.290459,-0.490206,-0.458984,-0.427727,-0.396553,-0.357534,24.999,POST_INTERVENTION,37MCV,92,05.11
2024-10-09,sentinel2,20241009T073821_20241009T075433_T37MCV,POST,1.23,10.117701,0.566985,0.241771,-0.009226,0.895274,0.220644,0.349648,0.61523,0.802685,0.837941,-0.550416,0.149189,-0.802263,-0.008724,-0.720605,-0.689472,-0.57236,-0.427754,-0.345706,-0.435452,0.059001,-0.70722,0.387187,-0.503798,-0.47261,-0.441383,-0.410175,-0.371143,27.191,POST_INTERVENTION,37MCV,92,05.11
2024-10-14,sentinel2,20241014T073759_20241014T075813_T37MCV,POST,3.18,13.603303,0.565168,0.246383,-0.011352,0.895406,0.209028,0.337861,0.619104,0.802762,0.837881,-0.547952,0.148751,-0.812232,-0.015343,-0.712905,-0.681684,-0.576205,-0.423876,-0.341865,-0.422814,0.056492,-0.698783,0.068063,-0.490068,-0.458971,-0.423809,-0.388661,-0.357435,27.191,POST_INTERVENTION,37MCV,92,05.11
2024-10-24,sentinel2,20241024T073909_20241024T075434_T37MCV,POST,1.17,15.666886,0.569907,0.240755,-0.014127,0.910178,0.212862,0.353474,0.642684,0.791106,0.822306,-0.536757,0.140845,-0.828813,0.107579,-0.685465,-0.654286,-0.576221,-0.427502,-0.334068,-0.401786,0.073241,-0.805243,0.275,-0.496042,-0.449193,-0.394514,-0.347736,-0.316697,47.734,POST_INTERVENTION,37MCV,92,05.11
2024-10-29,sentinel2,20241029T074031_20241029T075434_T37MCV,POST,0.0,14.939082,0.570877,0.237058,-0.010351,0.916289,0.212843,0.357385,0.650474,0.783242,0.8183,-0.545661,0.133323,-0.841592,-0.002519,-0.685463,-0.650313,-0.588013,-0.447196,-0.353517,-0.408868,0.074872,-0.720368,0.355438,-0.511483,-0.464805,-0.402254,-0.355479,-0.324329,47.734,POST_INTERVENTION,37MCV,92,05.11
