date,source,image_id,pre_post,aoi_cloud_pct,tile_cloud_pct,NDVI_mean,NDVI_std,NDVI_min,NDVI_max,NDVI_p10,NDVI_p25,NDVI_p50,NDVI_p75,NDVI_p90,NDWI_mean,NDWI_std,NDWI_min,NDWI_max,NDWI_p10,NDWI_p25,NDWI_p50,NDWI_p75,NDWI_p90,BSI_mean,BSI_std,BSI_min,BSI_max,BSI_p10,BSI_p25,BSI_p50,BSI_p75,BSI_p90,chirps_30d_mm,flags,mgrs_tile,orbit_number,processing_baseline
2019-04-04,sentinel2,20190404T073619_20190404T075837_T36MZE,PRE,0.21,13.16099,0.223791,0.143857,-0.044276,0.765517,0.064432,0.122948,0.189482,0.298996,0.439223,-0.299201,0.129991,-0.721308,0.035422,-0.48235,-0.380861,-0.291056,-0.208958,-0.134722,0.116554,0.064126,-0.249582,0.310901,0.040889,0.099792,0.130813,0.154244,0.177559,9.899,PRE_INTERVENTION,36MZE,92,02.11
2019-04-04,sentinel2,20190404T073619_20190404T075837_T37MBV,PRE,0.21,32.413206,0.227553,0.152783,-0.064231,0.793516,0.060556,0.119085,0.18957,0.306507,0.455133,-0.304456,0.139677,-0.744661,0.064231,-0.502061,-0.392487,-0.295016,-0.208937,-0.126745,0.116645,0.06572,-0.258929,0.342928,0.037201,0.095766,0.130853,0.15425,0.177784,9.899,PRE_INTERVENTION,37MBV,92,02.11
2019-04-09,sentinel2,20190409T073611_20190409T075550_T36MZE,PRE,0.15,13.079363,0.226639,0.154725,-0.151394,0.799948,0.060601,0.115306,0.189336,0.302817,0.459044,-0.313519,0.138987,-0.750628,0.05613,-0.513651,-0.400517,-0.298838,-0.2167,-0.138825,0.134912,0.06791,-0.26076,0.327736,0.052782,0.11531,0.150409,0.173873,0.197222,9.899,PRE_INTERVENTION,36MZE,92,02.11
2019-04-09,sentinel2,20190409T073611_20190409T075550_T37MBV,PRE,0.18,16.143932,0.224165,0.150274,-0.153141,0.786919,0.060556,0.119182,0.185658,0.298852,0.451267,-0.308952,0.134137,-0.730565,0.068395,-0.49811,-0.392571,-0.29501,-0.216895,-0.138823,0.132602,0.067132,-0.257385,0.34293,0.052641,0.115288,0.146452,0.173801,0.193288,9.899,PRE_INTERVENTION,37MBV,92,02.11
2019-04-14,sentinel2,20190414T073619_20190414T080013_T36MZE,PRE,0.24,10.74458,0.223982,0.152286,-0.103139,0.781818,0.060469,0.115202,0.185568,0.298787,0.455041,-0.306119,0.141017,-0.748642,0.053382,-0.50958,-0.392486,-0.29099,-0.205193,-0.134764,0.115503,0.06268,-0.233814,0.310115,0.037101,0.095802,0.130908,0.154254,0.173616,9.899,PRE_INTERVENTION,36MZE,92,02.11
2019-04-14,sentinel2,20190414T073619_20190414T080013_T37MBV,PRE,0.24,29.111823,0.215774,0.136302,-0.081058,0.711975,0.068373,0.119195,0.181625,0.283117,0.419982,-0.291265,0.123297,-0.67955,0.026497,-0.466998,-0.369057,-0.279316,-0.204965,-0.134802,0.110746,0.060017,-0.21063,0.3145,0.033101,0.091735,0.123095,0.146474,0.165953,9.899,PRE_INTERVENTION,37MBV,92,02.11
2019-04-19,sentinel2,20190419T073621_20190419T075106_T36MZE,PRE,0.19,3.476665,0.225477,0.155216,-0.208265,0.799373,0.058344,0.121136,0.183696,0.301032,0.457051,-0.315421,0.139404,-0.747336,0.060039,-0.51772,-0.400605,-0.298814,-0.220713,-0.142536,0.130185,0.068455,-0.247481,0.337076,0.045165,0.1113,0.146407,0.169901,0.193326,9.899,PRE_INTERVENTION,36MZE,92,02.11
2019-04-19,sentinel2,20190419T073621_20190419T075106_T37MBV,PRE,0.26,13.015541,0.225223,0.156145,-0.219459,0.802649,0.058695,0.113421,0.183811,0.300654,0.464889,-0.314387,0.140151,-0.74561,0.063554,-0.517443,-0.396524,-0.298708,-0.216931,-0.142585,0.1291,0.068666,-0.268206,0.339239,0.045037,0.111341,0.146455,0.169799,0.193267,9.899,PRE_INTERVENTION,37MBV,92,02.11
2019-04-29,sentinel2,20190429T073621_20190429T075426_T36MZE,PRE,17.67,43.912713,0.246198,0.117777,-0.006482,0.630003,0.099465,0.158186,0.228669,0.322216,0.419762,-0.280891,0.100747,-0.570701,0.029958,-0.423949,-0.349718,-0.275244,-0.208889,-0.150359,0.052734,0.05566,-0.208345,0.196488,-0.024402,0.028338,0.061516,0.090905,0.112364,99.966,PRE_INTERVENTION,36MZE,92,02.11
2019-04-29,sentinel2,20190429T073621_20190429T075426_T37MBV,PRE,17.78,44.525314,0.242058,0.1156,-0.013338,0.630366,0.099719,0.154384,0.228462,0.314447,0.416056,-0.276331,0.098575,-0.560584,0.023535,-0.416083,-0.341956,-0.271585,-0.205142,-0.146665,0.052575,0.054932,-0.221493,0.198729,-0.024292,0.028394,0.06153,0.0888,0.112305,99.966,PRE_INTERVENTION,37MBV,92,02.11
2019-05-04,sentinel2,20190504T073619_20190504T075111_T36MZE,PRE,2.02,12.427824,0.275376,0.177008,-0.125752,0.822917,0.064509,0.138866,0.244247,0.380804,0.548777,-0.324684,0.155055,-0.730729,0.064916,-0.548853,-0.431812,-0.318491,-0.208829,-0.119242,0.098398,0.083526,-0.400083,0.368339,-0.017462,0.064375,0.119191,0.154263,0.181544,99.966,PRE_INTERVENTION,36MZE,92,02.11
2019-05-04,sentinel2,20190504T073619_20190504T075111_T37MBV,PRE,2.28,40.615313,0.274597,0.176623,-0.127003,0.800255,0.064593,0.13879,0.244348,0.37685,0.548907,-0.322886,0.154419,-0.731569,0.05907,-0.549075,-0.4277,-0.318338,-0.204943,-0.115228,0.097275,0.083537,-0.338289,0.361981,-0.01764,0.060665,0.115178,0.154251,0.181735,99.966,PRE_INTERVENTION,37MBV,92,02.11
2019-05-09,sentinel2,20190509T073621_20190509T075509_T36MZE,PRE,0.03,8.096374,0.306085,0.193534,-0.0642,0.827694,0.060341,0.158117,0.287049,0.431761,0.595674,-0.354245,0.163606,-0.749247,0.084727,-0.584023,-0.466738,-0.357496,-0.240178,-0.13072,0.100567,0.090079,-0.342626,0.341143,-0.029126,0.068466,0.12305,0.162102,0.185538,99.966,PRE_INTERVENTION,36MZE,92,02.12
2019-05-09,sentinel2,20190509T073621_20190509T075509_T37MBV,PRE,0.07,11.783319,0.306795,0.195685,-0.074259,0.8478,0.056566,0.154186,0.283234,0.435767,0.603742,-0.35453,0.165516,-0.747838,0.092374,-0.587912,-0.470658,-0.357286,-0.236201,-0.130517,0.099536,0.090618,-0.332017,0.352735,-0.029197,0.068357,0.123113,0.158331,0.185444,99.966,PRE_INTERVENTION,37MBV,92,02.12
2019-05-14,sentinel2,20190514T073619_20190514T074937_T36MZE,PRE,0.31,29.375021,0.276258,0.161902,-0.031733,0.772962,0.080101,0.154388,0.251949,0.372906,0.525428,-0.323468,0.141053,-0.695618,0.038409,-0.525644,-0.420061,-0.318372,-0.220573,-0.138691,0.079083,0.073678,-0.294566,0.304444,-0.024979,0.056776,0.095791,0.126863,0.150325,99.966,PRE_INTERVENTION,36MZE,92,02.12
2019-05-14,sentinel2,20190514T073619_20190514T074937_T37MBV,PRE,0.34,48.453831,0.277237,0.164006,-0.035615,0.765967,0.076329,0.150429,0.251947,0.376966,0.529166,-0.323993,0.14316,-0.695751,0.037176,-0.529387,-0.41996,-0.318325,-0.220687,-0.134963,0.078358,0.074093,-0.284971,0.32643,-0.025343,0.052597,0.095747,0.126895,0.150291,99.966,PRE_INTERVENTION,37MBV,92,02.12
2019-05-19,sentinel2,20190519T073621_20190519T075733_T36MZE,PRE,0.46,18.225211,0.331462,0.200698,-0.145374,0.865125,0.066423,0.176053,0.316543,0.464533,0.629108,-0.37706,0.171994,-0.778908,0.114191,-0.607596,-0.497961,-0.384901,-0.260062,-0.134561,0.079291,0.097131,-0.354871,0.339795,-0.060654,0.041005,0.103587,0.146349,0.177642,99.966,PRE_INTERVENTION,36MZE,92,02.12
2019-05-19,sentinel2,20190519T073621_20190519T075733_T37MBV,PRE,0.47,33.078111,0.330984,0.201312,-0.151471,0.871979,0.066642,0.175831,0.316291,0.456833,0.628909,-0.375916,0.17255,-0.78125,0.129126,-0.611604,-0.494131,-0.384829,-0.255955,-0.134881,0.078141,0.097221,-0.376977,0.342728,-0.064346,0.04118,0.103507,0.142489,0.173766,99.966,PRE_INTERVENTION,37MBV,92,02.12
2019-05-29,sentinel2,20190529T073621_20190529T075508_T36MZE,PRE,1.56,37.219355,0.329949,0.138366,-0.01892,0.783521,0.150478,0.21677,0.330079,0.43179,0.50576,-0.336008,0.11581,-0.71499,-0.011469,-0.482322,-0.415912,-0.341937,-0.244064,-0.181824,0.016888,0.069684,-0.315392,0.283549,-0.075976,-0.025341,0.025372,0.060447,0.099587,0.0,PRE_INTERVENTION,36MZE,92,02.12
2019-05-29,sentinel2,20190529T073621_20190529T075508_T37MBV,PRE,1.4,40.442074,0.328962,0.137831,-0.012648,0.790739,0.150223,0.216663,0.330256,0.427691,0.505569,-0.33416,0.115304,-0.707738,-0.007222,-0.482549,-0.416013,-0.337968,-0.244107,-0.181576,0.016055,0.069415,-0.326822,0.274633,-0.076185,-0.025497,0.021421,0.060557,0.099577,0.0,PRE_INTERVENTION,37MBV,92,02.12
2019-07-03,sentinel2,20190703T073619_20190703T075901_T36MZE,PRE,0.1,32.468285,0.479453,0.247209,-0.041594,0.870002,0.099637,0.2599,0.525651,0.697261,0.779401,-0.459089,0.191857,-0.766763,0.046552,-0.685451,-0.623079,-0.498029,-0.302654,-0.162266,-0.059553,0.14389,-0.423835,0.29126,-0.259909,-0.173946,-0.056697,0.068534,0.126898,49.523,PRE_INTERVENTION,36MZE,92,02.12
2019-07-03,sentinel2,20190703T073619_20190703T075901_T37MBV,PRE,0.01,40.086943,0.476928,0.245567,-0.039612,0.866017,0.103559,0.255738,0.521454,0.693358,0.775463,-0.455348,0.19044,-0.761677,0.046435,-0.677653,-0.615206,-0.494481,-0.298759,-0.162073,-0.060022,0.142997,-0.438574,0.308312,-0.25969,-0.173758,-0.060548,0.068099,0.126934,49.523,PRE_INTERVENTION,37MBV,92,02.12
2019-07-08,sentinel2,20190708T073621_20190708T075549_T36MZE,PRE,18.65,42.155812,0.402509,0.181031,0.032173,0.741205,0.134973,0.23652,0.427521,0.560648,0.623031,-0.390964,0.144133,-0.651777,-0.011738,-0.560458,-0.513664,-0.415869,-0.271831,-0.173897,-0.076315,0.099059,-0.331893,0.171701,-0.209125,-0.154293,-0.076346,0.013813,0.052686,27.035,PRE_INTERVENTION,36MZE,92,02.13
2019-07-08,sentinel2,20190708T073621_20190708T075549_T37MBV,PRE,18.38,41.932048,0.402729,0.18192,0.028773,0.741083,0.134741,0.240199,0.427624,0.560536,0.627047,-0.389047,0.144655,-0.659175,-0.011253,-0.560484,-0.509993,-0.416187,-0.267492,-0.169901,-0.077928,0.099356,-0.331466,0.182868,-0.212738,-0.158235,-0.076217,0.013446,0.048832,27.035,PRE_INTERVENTION,37MBV,92,02.13
2019-07-13,sentinel2,20190713T073619_20190713T075952_T36MZE,PRE,0.27,30.898201,0.442169,0.227975,-0.03824,0.85572,0.103475,0.244388,0.466861,0.638715,0.732229,-0.438971,0.180721,-0.753906,0.044993,-0.658214,-0.587815,-0.470827,-0.295084,-0.162092,-0.035623,0.126339,-0.391656,0.319522,-0.216677,-0.126976,-0.025433,0.072313,0.12296,33.476,PRE_INTERVENTION,36MZE,92,02.13
2019-07-13,sentinel2,20190713T073619_20190713T075952_T37MBV,PRE,0.28,43.382202,0.445655,0.234916,-0.060621,0.873069,0.095587,0.240128,0.474584,0.646322,0.747828,-0.442954,0.18689,-0.767164,0.076384,-0.66984,-0.599795,-0.474879,-0.294919,-0.158252,-0.035947,0.128893,-0.409655,0.336163,-0.220731,-0.130972,-0.029302,0.076154,0.123072,33.476,PRE_INTERVENTION,37MBV,92,02.13
2019-07-23,sentinel2,20190723T073619_20190723T075433_T37MBV,PRE,12.06,58.710585,0.378537,0.216986,-0.088042,0.839746,0.068458,0.204895,0.392702,0.548749,0.669694,-0.364155,0.181715,-0.723304,0.101958,-0.595557,-0.505871,-0.384802,-0.224691,-0.091828,-0.056351,0.115678,-0.437037,0.233035,-0.220854,-0.130584,-0.041133,0.029186,0.084015,42.247,PRE_INTERVENTION,37MBV,92,02.13
2019-08-02,sentinel2,20190802T073619_20190802T075820_T36MZE,PRE,0.07,3.936337,0.441807,0.227863,-0.03714,0.871658,0.103313,0.244011,0.474765,0.630634,0.73265,-0.442854,0.177253,-0.77357,0.038483,-0.658348,-0.584111,-0.478635,-0.302835,-0.174157,-0.005185,0.122171,-0.407222,0.382729,-0.177642,-0.087919,0.001806,0.095712,0.146381,39.772,PRE_INTERVENTION,36MZE,92,02.13
2019-08-02,sentinel2,20190802T073619_20190802T075820_T37MBV,PRE,0.06,34.33447,0.440836,0.227795,-0.049369,0.876507,0.09941,0.240071,0.474558,0.626748,0.728492,-0.440732,0.177059,-0.773985,0.05943,-0.654229,-0.579977,-0.474613,-0.302528,-0.170067,-0.006365,0.122033,-0.41841,0.382652,-0.177382,-0.087776,0.00176,0.091712,0.142581,39.772,PRE_INTERVENTION,37MBV,92,02.13
2019-08-07,sentinel2,20190807T073621_20190807T075530_T36MZE,PRE,3.0,38.855305,0.39525,0.219888,-0.068327,0.865495,0.088009,0.205106,0.404332,0.580221,0.689394,-0.388865,0.176065,-0.748043,0.118609,-0.615384,-0.533118,-0.404536,-0.24012,-0.142646,-0.010421,0.111681,-0.413409,0.283424,-0.165975,-0.079883,-0.001943,0.072265,0.130923,39.772,PRE_INTERVENTION,36MZE,92,02.13
2019-08-12,sentinel2,20190812T073619_20190812T075555_T36MZE,PRE,0.0,13.978268,0.380891,0.202024,-0.034445,0.844629,0.091698,0.209444,0.392547,0.53718,0.654296,-0.407379,0.162824,-0.750223,0.032312,-0.611402,-0.533145,-0.431814,-0.279343,-0.165869,0.03546,0.102374,-0.383129,0.323326,-0.107394,-0.025383,0.05283,0.11534,0.150238,31.232,PRE_INTERVENTION,36MZE,92,02.13
2019-08-12,sentinel2,20190812T073619_20190812T075555_T37MBV,PRE,0.0,46.828533,0.379739,0.200946,-0.028939,0.851489,0.091821,0.208753,0.392773,0.533104,0.65052,-0.404613,0.161787,-0.75656,0.023626,-0.607313,-0.529248,-0.427634,-0.279174,-0.162238,0.03394,0.101956,-0.374461,0.347405,-0.111274,-0.025544,0.052693,0.111313,0.146249,31.232,PRE_INTERVENTION,37MBV,92,02.13
2019-08-22,sentinel2,20190822T073619_20190822T075828_T36MZE,PRE,0.46,26.975281,0.3226,0.178198,-0.039062,0.805423,0.084004,0.177799,0.318443,0.447196,0.572574,-0.367619,0.151904,-0.73023,0.032004,-0.564473,-0.482312,-0.380851,-0.251982,-0.150585,0.06061,0.080088,-0.321429,0.314799,-0.048671,0.021513,0.076123,0.119125,0.142593,16.669,PRE_INTERVENTION,36MZE,92,02.13
2019-08-22,sentinel2,20190822T073619_20190822T075828_T37MBV,PRE,0.45,49.182634,0.32043,0.17561,-0.037402,0.810701,0.083877,0.173838,0.314569,0.443451,0.567961,-0.363375,0.149214,-0.734281,0.030453,-0.556679,-0.474355,-0.37702,-0.248154,-0.150505,0.058562,0.079594,-0.320736,0.327475,-0.048781,0.017691,0.076264,0.115373,0.142387,16.669,PRE_INTERVENTION,37MBV,92,02.13
2019-08-27,sentinel2,20190827T073611_20190827T075314_T36MZE,PRE,0.28,12.885784,0.303613,0.176228,-0.043285,0.822779,0.072167,0.161978,0.290939,0.41996,0.556472,-0.362915,0.151355,-0.748268,0.038743,-0.564534,-0.470517,-0.372991,-0.2518,-0.150241,0.086293,0.075605,-0.301651,0.313609,-0.01746,0.052796,0.10348,0.138608,0.162021,16.669,PRE_INTERVENTION,36MZE,92,02.13
2019-08-27,sentinel2,20190827T073611_20190827T075314_T37MBV,PRE,0.22,17.112853,0.301681,0.174577,-0.043268,0.828404,0.072425,0.162121,0.286983,0.416232,0.552976,-0.359889,0.149567,-0.749028,0.041414,-0.560653,-0.466876,-0.369058,-0.248069,-0.150332,0.084739,0.075299,-0.306347,0.321814,-0.017516,0.052708,0.103456,0.134642,0.162105,16.669,PRE_INTERVENTION,37MBV,92,02.13
2020-04-03,sentinel2,20200403T073611_20200403T075522_T36MZE,PRE,0.0,2.510209,0.490437,0.239014,-0.025424,0.871479,0.111418,0.287053,0.552898,0.689491,0.771523,-0.472647,0.186573,-0.767045,0.040845,-0.685474,-0.619118,-0.525338,-0.330083,-0.17381,-0.06344,0.134792,-0.421241,0.281893,-0.248029,-0.165845,-0.068254,0.052683,0.119074,129.881,PRE_INTERVENTION,36MZE,92,02.14
2020-04-03,sentinel2,20200403T073611_20200403T075522_T37MBV,PRE,0.51,8.65105,0.491171,0.238815,-0.025019,0.873285,0.107583,0.290976,0.552672,0.689504,0.77164,-0.472043,0.186113,-0.765123,0.036239,-0.685542,-0.619035,-0.525563,-0.329957,-0.17374,-0.064915,0.135042,-0.428237,0.292404,-0.247903,-0.165949,-0.072378,0.052791,0.119238,129.881,PRE_INTERVENTION,37MBV,92,02.14
2020-04-08,sentinel2,20200408T073609_20200408T075331_T36MZE,PRE,0.0,0.633608,0.495695,0.248942,-0.032294,0.893928,0.107248,0.279079,0.55281,0.708968,0.795019,-0.486105,0.194995,-0.793561,0.029185,-0.712918,-0.642522,-0.537075,-0.333792,-0.177928,-0.055821,0.143207,-0.444491,0.318605,-0.251954,-0.162338,-0.056643,0.068333,0.130743,110.838,PRE_INTERVENTION,36MZE,92,02.14
2020-04-08,sentinel2,20200408T073609_20200408T075331_T37MBV,PRE,0.0,8.519624,0.494623,0.249032,-0.031089,0.894796,0.103399,0.279298,0.552811,0.704992,0.790875,-0.483944,0.195006,-0.793839,0.028712,-0.70888,-0.642532,-0.533249,-0.330272,-0.177946,-0.056938,0.143171,-0.450122,0.337369,-0.256,-0.162185,-0.056696,0.068516,0.130671,110.838,PRE_INTERVENTION,37MBV,92,02.14
2020-05-13,sentinel2,20200513T073621_20200513T075311_T36MZE,PRE,0.07,2.00911,0.506584,0.261091,-0.044729,0.887238,0.095772,0.275517,0.572178,0.732578,0.810427,-0.476759,0.207555,-0.788858,0.11408,-0.712927,-0.650388,-0.533394,-0.310338,-0.150535,-0.077346,0.1559,-0.486577,0.347901,-0.287225,-0.201113,-0.083976,0.056653,0.134766,339.335,PRE_INTERVENTION,36MZE,92,02.14
2020-05-13,sentinel2,20200513T073621_20200513T075311_T37MBV,PRE,0.31,1.620758,0.506054,0.260739,-0.057614,0.889073,0.095706,0.275656,0.572257,0.732352,0.810491,-0.474971,0.207163,-0.785989,0.116456,-0.709015,-0.646454,-0.533232,-0.310328,-0.150636,-0.078608,0.155775,-0.482179,0.348211,-0.287125,-0.201118,-0.087961,0.056566,0.130856,339.335,PRE_INTERVENTION,37MBV,92,02.14
2020-05-18,sentinel2,20200518T073609_20200518T075715_T36MZE,PRE,0.04,1.8082,0.514061,0.270289,-0.242991,0.909735,0.089879,0.27698,0.582016,0.746031,0.831975,-0.486259,0.217783,-0.806827,0.365949,-0.730354,-0.667961,-0.543032,-0.316632,-0.152505,-0.083123,0.164412,-0.517728,0.370513,-0.302595,-0.212888,-0.091734,0.060613,0.13872,286.966,PRE_INTERVENTION,36MZE,92,02.14
2020-05-18,sentinel2,20200518T073609_20200518T075715_T37MBV,PRE,0.22,5.939848,0.512157,0.267097,-0.212528,0.907495,0.097693,0.277388,0.574356,0.746112,0.824052,-0.48272,0.215018,-0.805096,0.345725,-0.722807,-0.660293,-0.543192,-0.309108,-0.152858,-0.084591,0.163228,-0.50465,0.363081,-0.302816,-0.212838,-0.095645,0.060643,0.138394,286.966,PRE_INTERVENTION,37MBV,92,02.14
2020-05-23,sentinel2,20200523T073621_20200523T075355_T36MZE,PRE,12.94,21.815391,0.405068,0.193539,-0.027962,0.842305,0.138724,0.244218,0.408396,0.552721,0.669881,-0.373854,0.161061,-0.754894,0.053241,-0.591873,-0.494271,-0.376838,-0.243991,-0.150249,-0.077923,0.104805,-0.418177,0.243685,-0.213088,-0.146518,-0.08003,-0.005834,0.060361,190.746,PRE_INTERVENTION,36MZE,92,02.14
2020-05-23,sentinel2,20200523T073621_20200523T075355_T37MBV,PRE,12.85,26.090133,0.403614,0.194469,-0.032883,0.841441,0.134787,0.244518,0.408176,0.548957,0.665938,-0.371702,0.162006,-0.753378,0.05018,-0.591661,-0.494156,-0.377154,-0.240079,-0.146718,-0.078255,0.105014,-0.399328,0.248924,-0.212892,-0.146505,-0.080196,-0.005919,0.060439,190.746,PRE_INTERVENTION,37MBV,92,02.14
2020-05-28,sentinel2,20200528T073619_20200528T075944_T36MZE,PRE,0.14,2.611252,0.497344,0.256721,-0.178363,0.896593,0.097562,0.277365,0.550735,0.7227,0.808768,-0.479328,0.205367,-0.801944,0.215084,-0.722694,-0.652453,-0.527115,-0.324422,-0.160087,-0.071122,0.15757,-0.518541,0.320287,-0.283116,-0.193385,-0.072216,0.068538,0.138576,116.002,PRE_INTERVENTION,36MZE,92,02.14
2020-05-28,sentinel2,20200528T073619_20200528T075944_T37MBV,PRE,0.38,11.844653,0.495331,0.252619,-0.155196,0.891936,0.098001,0.276881,0.542986,0.714738,0.800877,-0.475419,0.201767,-0.794554,0.203571,-0.714866,-0.644553,-0.519591,-0.32434,-0.167497,-0.073128,0.156312,-0.507038,0.338739,-0.28328,-0.197341,-0.076192,0.064412,0.134955,116.002,PRE_INTERVENTION,37MBV,92,02.14
2020-07-12,sentinel2,20200712T073621_20200712T075310_T36MZE,PRE,0.0,16.84344,0.420984,0.225998,-0.333333,0.858125,0.090198,0.230119,0.464974,0.605454,0.69902,-0.419828,0.18788,-0.738445,0.413623,-0.628764,-0.566287,-0.46477,-0.285096,-0.152127,-0.004879,0.129561,-0.492511,0.311072,-0.177664,-0.087817,0.009879,0.099608,0.146564,68.635,PRE_INTERVENTION,36MZE,92,02.14
2020-07-12,sentinel2,20200712T073621_20200712T075310_T37MBV,PRE,0.0,17.081288,0.417158,0.222022,-0.306077,0.847066,0.089848,0.230438,0.457122,0.597494,0.691518,-0.414195,0.184087,-0.723471,0.39265,-0.621069,-0.558554,-0.464983,-0.277426,-0.152378,-0.006573,0.128521,-0.491531,0.330914,-0.181713,-0.087676,0.009806,0.095682,0.146516,68.635,PRE_INTERVENTION,37MBV,92,02.14
2020-07-22,sentinel2,20200722T073621_20200722T075354_T36MZE,PRE,4.09,51.340526,0.377647,0.186794,-0.101472,0.807633,0.103253,0.236326,0.400496,0.513817,0.615143,-0.365281,0.157739,-0.719599,0.164589,-0.556553,-0.4825,-0.392512,-0.248068,-0.13465,-0.029455,0.104855,-0.444764,0.31245,-0.162037,-0.087953,-0.025356,0.037281,0.107549,18.974,PRE_INTERVENTION,36MZE,92,02.14
2020-08-01,sentinel2,20200801T073621_20200801T075033_T36MZE,PRE,7.74,6.657322,0.368551,0.196966,-0.277021,0.828602,0.081681,0.206928,0.386906,0.519732,0.621275,-0.393898,0.165311,-0.718636,0.339967,-0.597549,-0.527263,-0.425692,-0.254082,-0.152425,0.03336,0.107637,-0.517018,0.330632,-0.099454,-0.025486,0.049029,0.111287,0.150367,34.188,PRE_INTERVENTION,36MZE,92,02.14
2020-08-01,sentinel2,20200801T073621_20200801T075033_T37MBV,PRE,7.85,35.426999,0.36717,0.194444,-0.254902,0.82706,0.082332,0.207002,0.386669,0.519508,0.620798,-0.390837,0.162676,-0.715287,0.319772,-0.589744,-0.519528,-0.418157,-0.253963,-0.152118,0.032103,0.10647,-0.530046,0.327489,-0.099465,-0.025379,0.044737,0.107362,0.150278,34.188,PRE_INTERVENTION,37MBV,92,02.14
2020-08-06,sentinel2,20200806T073619_20200806T074918_T36MZE,PRE,4.46,21.878923,0.358218,0.183899,-0.081705,0.851234,0.119176,0.197238,0.361408,0.494055,0.607341,-0.374196,0.151634,-0.724081,0.170144,-0.564611,-0.494207,-0.400254,-0.232342,-0.169737,0.010567,0.119396,-0.500613,0.328975,-0.142352,-0.036973,0.037044,0.08789,0.126902,34.188,PRE_INTERVENTION,36MZE,92,02.14
2020-08-06,sentinel2,20200806T073619_20200806T074918_T37MBV,PRE,4.4,37.55521,0.358037,0.184206,-0.027758,0.854743,0.119121,0.197093,0.361406,0.494002,0.611318,-0.372849,0.151683,-0.728883,0.125838,-0.560407,-0.494268,-0.396654,-0.232181,-0.165814,0.009285,0.119267,-0.5,0.324501,-0.142517,-0.037257,0.037115,0.087921,0.123083,34.188,PRE_INTERVENTION,37MBV,92,02.14
2020-08-11,sentinel2,20200811T073621_20200811T075652_T36MZE,PRE,0.15,1.047069,0.360342,0.183988,-0.152516,0.8541,0.097639,0.215139,0.370815,0.488317,0.598058,-0.393793,0.148456,-0.722387,0.196361,-0.56455,-0.505805,-0.427736,-0.279491,-0.169938,0.047595,0.129173,-0.492191,0.345918,-0.127316,-0.001993,0.084076,0.13477,0.165836,29.272,PRE_INTERVENTION,36MZE,92,02.14
2020-08-11,sentinel2,20200811T073621_20200811T075652_T37MBV,PRE,0.14,16.314123,0.357237,0.179866,-0.136955,0.841486,0.099823,0.212635,0.369285,0.482274,0.588119,-0.388131,0.144672,-0.721363,0.178203,-0.552809,-0.498158,-0.423726,-0.279029,-0.170099,0.044668,0.128124,-0.483041,0.344055,-0.130876,-0.001739,0.080034,0.134779,0.162222,29.272,PRE_INTERVENTION,37MBV,92,02.14
2020-08-26,sentinel2,20200826T073619_20200826T075931_T36MZE,PRE,0.0,28.11632,0.382695,0.205555,-0.299603,0.889932,0.081767,0.222636,0.409964,0.535059,0.644452,-0.400599,0.167467,-0.759489,0.36795,-0.590097,-0.527201,-0.441303,-0.277451,-0.144378,0.013161,0.13428,-0.545027,0.331219,-0.161584,-0.041136,0.045046,0.107362,0.142577,61.362,PRE_INTERVENTION,36MZE,92,02.14
2020-08-26,sentinel2,20200826T073619_20200826T075931_T37MBV,PRE,0.0,51.028094,0.38033,0.200996,-0.266476,0.881777,0.081866,0.214774,0.402444,0.527515,0.636283,-0.395938,0.163083,-0.755745,0.341902,-0.581785,-0.519585,-0.433484,-0.277911,-0.152407,0.010624,0.133241,-0.53453,0.337258,-0.165689,-0.041313,0.040948,0.103578,0.138698,61.362,PRE_INTERVENTION,37MBV,92,02.14
2020-08-31,sentinel2,20200831T073621_20200831T075940_T36MZE,PRE,0.07,15.161238,0.378435,0.204846,-0.194064,0.884683,0.081846,0.21497,0.39454,0.527524,0.644255,-0.406539,0.165903,-0.760143,0.294351,-0.597195,-0.5352,-0.441035,-0.285603,-0.152671,0.030148,0.13497,-0.523587,0.336659,-0.150733,-0.021442,0.06444,0.122972,0.15816,52.121,PRE_INTERVENTION,36MZE,92,02.14
2020-08-31,sentinel2,20200831T073621_20200831T075940_T37MBV,PRE,0.19,10.131878,0.375709,0.199424,-0.15048,0.877328,0.081814,0.214669,0.386788,0.519746,0.636488,-0.401323,0.160564,-0.752123,0.259813,-0.581878,-0.527337,-0.433743,-0.285329,-0.160078,0.027201,0.133578,-0.516543,0.322926,-0.150368,-0.025351,0.060592,0.119209,0.154287,52.121,PRE_INTERVENTION,37MBV,92,02.14
2021-04-03,sentinel2,20210403T073609_20210403T075438_T36MZE,PRE,0.36,12.287119,0.38479,0.219184,-0.218225,0.906269,0.066127,0.214582,0.39463,0.550706,0.68342,-0.408218,0.181458,-0.802527,0.319231,-0.621269,-0.543139,-0.449216,-0.277732,-0.128643,0.033629,0.124813,-0.545137,0.341001,-0.146356,-0.029279,0.060577,0.119071,0.154237,46.602,PRE_INTERVENTION,36MZE,92,03.00
2021-04-03,sentinel2,20210403T073609_20210403T075438_T37MBV,PRE,0.34,17.004273,0.383114,0.218135,-0.215041,0.902639,0.066436,0.214845,0.394629,0.550645,0.683374,-0.404836,0.180442,-0.799923,0.31963,-0.613304,-0.543024,-0.441205,-0.277468,-0.128855,0.032012,0.124193,-0.541296,0.340487,-0.14671,-0.029423,0.060586,0.115172,0.154354,46.602,PRE_INTERVENTION,37MBV,92,03.00
2021-04-18,sentinel2,20210418T073611_20210418T074153_T36MZE,PRE,0.75,22.031854,0.419661,0.227226,-0.135961,0.865656,0.074141,0.230025,0.457455,0.613088,0.69904,-0.415412,0.180634,-0.774099,0.214338,-0.619052,-0.560532,-0.458972,-0.279378,-0.135032,-0.022988,0.124682,-0.508924,0.286067,-0.189415,-0.107312,-0.013666,0.079972,0.122829,100.898,PRE_INTERVENTION,36MZE,92,03.00
2021-04-18,sentinel2,20210418T073611_20210418T074153_T37MBV,PRE,0.68,38.223757,0.422164,0.233405,-0.160967,0.874497,0.066205,0.223299,0.464848,0.620985,0.707078,-0.418294,0.186219,-0.78305,0.240181,-0.628729,-0.566408,-0.465026,-0.277372,-0.129577,-0.023598,0.126497,-0.52043,0.301336,-0.193403,-0.111308,-0.013495,0.080125,0.123182,100.898,PRE_INTERVENTION,37MBV,92,03.00
2021-04-23,sentinel2,20210423T073609_20210423T075434_T36MZE,PRE,9.66,43.854268,0.370312,0.119283,0.00716,0.699387,0.205191,0.2831,0.37292,0.459061,0.529324,-0.353024,0.095366,-0.691775,0.004195,-0.478527,-0.42384,-0.353518,-0.287119,-0.224563,-0.029576,0.061852,-0.238119,0.229203,-0.108412,-0.077127,-0.030306,0.014614,0.051762,87.739,PRE_INTERVENTION,36MZE,92,03.00
2021-04-23,sentinel2,20210423T073609_20210423T075434_T37MBV,PRE,9.73,55.364042,0.373497,0.124647,-0.010696,0.745657,0.201225,0.283125,0.37698,0.466992,0.537342,-0.356221,0.100478,-0.733371,0.034115,-0.490198,-0.427687,-0.357189,-0.283237,-0.224565,-0.030478,0.063694,-0.234513,0.233407,-0.110389,-0.078997,-0.030327,0.016665,0.053759,87.739,PRE_INTERVENTION,37MBV,92,03.00
2021-04-28,sentinel2,20210428T073611_20210428T074155_T36MZE,PRE,0.01,17.659851,0.436288,0.247156,-0.281095,0.914552,0.066068,0.222536,0.472892,0.644448,0.746236,-0.435693,0.195938,-0.811448,0.395397,-0.660069,-0.597986,-0.480567,-0.28532,-0.136446,-0.010864,0.141202,-0.560447,0.337276,-0.205277,-0.099503,0.005738,0.099538,0.150296,92.908,PRE_INTERVENTION,36MZE,92,03.00
2021-04-28,sentinel2,20210428T073611_20210428T074155_T37MBV,PRE,0.0,36.323035,0.435573,0.247865,-0.277709,0.913077,0.066122,0.223038,0.472478,0.644409,0.746158,-0.434125,0.196526,-0.809524,0.394572,-0.660291,-0.597716,-0.480596,-0.277891,-0.128975,-0.01172,0.141175,-0.553618,0.34434,-0.208965,-0.099674,0.001994,0.099788,0.150245,92.908,PRE_INTERVENTION,37MBV,92,03.00
2021-05-28,sentinel2,20210528T073611_20210528T074159_T36MZE,PRE,0.24,7.875288,0.466323,0.248191,-0.093509,0.907499,0.081881,0.254014,0.511314,0.683555,0.769143,-0.449789,0.192615,-0.81125,0.056884,-0.669835,-0.607506,-0.498288,-0.29883,-0.150363,-0.0491,0.152784,-0.582144,0.335689,-0.255724,-0.154327,-0.040818,0.079999,0.138515,112.19,PRE_INTERVENTION,36MZE,92,03.00
2021-05-28,sentinel2,20210528T073611_20210528T074159_T37MBV,PRE,0.2,24.480434,0.465758,0.248874,-0.129273,0.911395,0.081937,0.254631,0.511616,0.675836,0.769408,-0.448405,0.193334,-0.811514,0.060924,-0.669884,-0.607405,-0.498298,-0.294999,-0.150468,-0.04981,0.152668,-0.585108,0.346023,-0.256025,-0.154345,-0.041018,0.079854,0.13488,112.19,PRE_INTERVENTION,37MBV,92,03.00
2021-07-02,sentinel2,20210702T073619_20210702T075441_T36MZE,PRE,0.04,13.71639,0.39259,0.216844,-0.041624,0.867591,0.079881,0.205075,0.408239,0.564545,0.681467,-0.405992,0.170993,-0.781118,0.041624,-0.615072,-0.541205,-0.435346,-0.271836,-0.146519,0.00902,0.132225,-0.53499,0.310317,-0.177534,-0.06053,0.033135,0.111395,0.150312,29.176,PRE_INTERVENTION,36MZE,92,03.01
2021-07-02,sentinel2,20210702T073619_20210702T075441_T37MBV,PRE,0.0,42.633349,0.391243,0.216003,-0.032157,0.86448,0.079999,0.2013,0.408005,0.564441,0.677661,-0.403824,0.170196,-0.776689,0.023992,-0.611484,-0.541005,-0.435691,-0.267508,-0.14648,0.007867,0.131661,-0.54469,0.320409,-0.177547,-0.06052,0.033265,0.107519,0.150366,29.176,PRE_INTERVENTION,37MBV,92,03.01
2021-07-17,sentinel2,20210717T073621_20210717T074201_T36MZE,PRE,7.35,51.173312,0.354203,0.21991,-0.104114,0.870032,0.064413,0.162126,0.349642,0.525454,0.662138,-0.350934,0.178985,-0.770701,0.121712,-0.584054,-0.498051,-0.361181,-0.205236,-0.107318,-0.004076,0.121767,-0.529159,0.287565,-0.16631,-0.064584,0.017573,0.08014,0.126848,94.684,PRE_INTERVENTION,36MZE,92,03.01
2021-07-22,sentinel2,20210722T073619_20210722T075442_T36MZE,PRE,0.02,10.466626,0.37968,0.21248,-0.045125,0.883657,0.083924,0.201103,0.384709,0.541062,0.670158,-0.40595,0.167647,-0.79821,0.036589,-0.611245,-0.537122,-0.431551,-0.27911,-0.158278,0.041542,0.125874,-0.532667,0.377931,-0.130879,-0.017502,0.07226,0.131046,0.165873,82.085,PRE_INTERVENTION,36MZE,92,03.01
2021-07-22,sentinel2,20210722T073619_20210722T075442_T37MBV,PRE,0.02,21.25424,0.376201,0.208409,-0.037847,0.873631,0.084064,0.201332,0.380852,0.537168,0.662257,-0.39993,0.163794,-0.787375,0.033239,-0.603362,-0.529323,-0.423814,-0.275264,-0.154237,0.039296,0.124239,-0.539864,0.381399,-0.134783,-0.021402,0.068533,0.127003,0.162078,82.085,PRE_INTERVENTION,37MBV,92,03.01
2021-07-27,sentinel2,20210727T073621_20210727T074201_T36MZE,PRE,0.06,38.520852,0.352858,0.208282,-0.057638,0.868124,0.064306,0.1814,0.349583,0.509856,0.642949,-0.383702,0.165898,-0.785382,0.053724,-0.591832,-0.509838,-0.404232,-0.255956,-0.138634,0.054556,0.119125,-0.510769,0.397236,-0.107034,0.001786,0.083998,0.138728,0.16983,82.085,PRE_INTERVENTION,36MZE,92,03.01
2021-07-27,sentinel2,20210727T073621_20210727T074201_T37MBV,PRE,0.1,50.683143,0.349929,0.204237,-0.049578,0.860863,0.068393,0.18183,0.345825,0.501927,0.634806,-0.378441,0.161879,-0.771737,0.051579,-0.580359,-0.50205,-0.400387,-0.255694,-0.138808,0.05244,0.117619,-0.5158,0.37883,-0.107261,0.001964,0.083985,0.1348,0.165889,82.085,PRE_INTERVENTION,37MBV,92,03.01
2021-08-06,sentinel2,20210806T073621_20210806T075620_T36MZE,PRE,0.0,20.976981,0.326014,0.197014,-0.058573,0.865514,0.064251,0.169944,0.314564,0.466769,0.603656,-0.36596,0.158495,-0.776771,0.061897,-0.568337,-0.486346,-0.380866,-0.247776,-0.134637,0.070521,0.109568,-0.490349,0.402987,-0.076202,0.029415,0.099626,0.142651,0.170152,4.742,PRE_INTERVENTION,36MZE,92,03.01
2021-08-06,sentinel2,20210806T073621_20210806T075620_T37MBV,PRE,0.0,55.764693,0.326506,0.198681,-0.049949,0.866376,0.060665,0.169944,0.314545,0.466879,0.60738,-0.365889,0.160072,-0.778146,0.052123,-0.572012,-0.486166,-0.380791,-0.248144,-0.134656,0.069528,0.109964,-0.491875,0.397548,-0.080357,0.029237,0.099656,0.142539,0.169838,4.742,PRE_INTERVENTION,37MBV,92,03.01
2021-08-26,sentinel2,20210826T073611_20210826T074200_T36MZE,PRE,0.0,13.332023,0.314271,0.188588,-0.048162,0.862256,0.064418,0.169902,0.298964,0.439336,0.580028,-0.359535,0.154139,-0.777682,0.047025,-0.560226,-0.470707,-0.372897,-0.248089,-0.134881,0.080681,0.100818,-0.469726,0.323708,-0.048826,0.045055,0.107355,0.146512,0.169994,27.702,PRE_INTERVENTION,36MZE,92,03.01
2021-08-26,sentinel2,20210826T073611_20210826T074200_T37MBV,PRE,0.0,49.450343,0.313265,0.187099,-0.042514,0.857404,0.064547,0.169993,0.298934,0.439608,0.572098,-0.356775,0.152662,-0.769638,0.047294,-0.552742,-0.466816,-0.369167,-0.243924,-0.138718,0.079109,0.100238,-0.475867,0.337868,-0.052885,0.041076,0.107231,0.142523,0.170004,27.702,PRE_INTERVENTION,37MBV,92,03.01
2021-08-31,sentinel2,20210831T073609_20210831T075437_T36MZE,PRE,0.12,48.496116,0.276979,0.149103,-0.015848,0.763453,0.080058,0.166133,0.267595,0.37307,0.482617,-0.309949,0.119626,-0.666667,0.013145,-0.459087,-0.392589,-0.32238,-0.224687,-0.134892,0.070828,0.085735,-0.400687,0.28291,-0.041113,0.037161,0.095725,0.12691,0.150318,27.702,PRE_INTERVENTION,36MZE,92,03.01
2022-04-03,sentinel2,20220403T073611_20220403T074200_T36MZE,POST,0.0,6.271888,0.307191,0.168534,-0.019432,0.787115,0.083858,0.173834,0.294965,0.420007,0.549157,-0.352,0.143859,-0.712691,0.016492,-0.544891,-0.455003,-0.361203,-0.244218,-0.150393,0.056591,0.080714,-0.33184,0.257,-0.060548,0.021599,0.076298,0.111325,0.134596,26.779,POST_INTERVENTION,36MZE,92,04.00
2022-04-03,sentinel2,20220403T073611_20220403T074200_T37MBV,POST,0.0,32.758024,0.308966,0.173082,-0.03142,0.793744,0.080067,0.170026,0.298724,0.427751,0.560738,-0.353411,0.148498,-0.720668,0.032334,-0.552911,-0.459132,-0.361323,-0.240339,-0.146534,0.055761,0.081715,-0.31812,0.274774,-0.064362,0.017616,0.076271,0.111345,0.134811,26.779,POST_INTERVENTION,37MBV,92,04.00
2022-04-08,sentinel2,20220408T073609_20220408T075437_T36MZE,POST,0.0,12.260343,0.324283,0.191511,-0.042354,0.854482,0.07612,0.173639,0.306892,0.450988,0.607615,-0.376794,0.16163,-0.775658,0.035751,-0.595753,-0.490366,-0.380853,-0.255768,-0.150582,0.07123,0.097895,-0.387535,0.325857,-0.068164,0.029324,0.095744,0.138666,0.166006,26.779,POST_INTERVENTION,36MZE,92,04.00
2022-04-08,sentinel2,20220408T073609_20220408T075437_T37MBV,POST,0.0,21.660632,0.324082,0.193151,-0.044305,0.859134,0.072371,0.173637,0.302636,0.451455,0.607699,-0.376045,0.163164,-0.784533,0.046215,-0.595742,-0.49405,-0.380762,-0.255885,-0.150631,0.070248,0.098305,-0.371558,0.350615,-0.068177,0.029395,0.095803,0.134661,0.165869,26.779,POST_INTERVENTION,37MBV,92,04.00
2022-04-13,sentinel2,20220413T073621_20220413T074201_T36MZE,POST,0.0,37.725365,0.278707,0.172444,-0.05293,0.80133,0.060539,0.146555,0.259616,0.384822,0.529467,-0.331795,0.148085,-0.740537,0.046723,-0.533309,-0.435524,-0.334073,-0.224526,-0.127279,0.081994,0.08208,-0.309834,0.29347,-0.033109,0.044882,0.099683,0.138721,0.165984,17.632,POST_INTERVENTION,36MZE,92,04.00
2022-04-13,sentinel2,20220413T073621_20220413T074201_T37MBV,POST,0.0,37.771162,0.280548,0.17888,-0.053953,0.845745,0.052723,0.142706,0.259737,0.392811,0.541161,-0.334932,0.154461,-0.774936,0.049311,-0.544965,-0.439447,-0.337954,-0.220813,-0.123164,0.082089,0.083657,-0.312647,0.311383,-0.03322,0.045032,0.099635,0.138803,0.165903,17.632,POST_INTERVENTION,37MBV,92,04.00
2022-04-18,sentinel2,20220418T073609_20220418T075436_T36MZE,POST,0.0,20.772858,0.327627,0.209437,-0.094463,0.887773,0.052829,0.165916,0.314659,0.466758,0.635008,-0.381767,0.180637,-0.818047,0.10539,-0.622884,-0.509801,-0.392709,-0.251965,-0.123216,0.078208,0.104182,-0.393884,0.389732,-0.068232,0.03313,0.103618,0.146491,0.181554,31.543,POST_INTERVENTION,36MZE,92,04.00
2022-04-18,sentinel2,20220418T073609_20220418T075436_T37MBV,POST,0.0,37.89084,0.328976,0.213074,-0.109091,0.919858,0.050624,0.168227,0.316391,0.464762,0.645082,-0.383119,0.184276,-0.849951,0.11934,-0.630851,-0.513543,-0.392617,-0.248118,-0.12337,0.077246,0.105306,-0.39477,0.432343,-0.072235,0.033455,0.103432,0.146541,0.181704,31.543,POST_INTERVENTION,37MBV,92,04.00
2022-04-23,sentinel2,20220423T073621_20220423T074203_T36MZE,POST,13.88,46.746182,0.38555,0.23972,-0.116498,0.962869,0.043225,0.191349,0.402216,0.565893,0.714888,-0.414605,0.202497,-0.87732,0.12793,-0.668008,-0.566491,-0.449334,-0.261646,-0.113265,0.043918,0.116486,-0.45421,0.339796,-0.123367,-0.013471,0.064499,0.123152,0.16611,60.378,POST_INTERVENTION,36MZE,92,04.00
2022-05-03,sentinel2,20220503T073621_20220503T074203_T36MZE,POST,0.87,46.830568,0.394946,0.229498,-0.140914,0.866355,0.050696,0.20677,0.410042,0.597755,0.69161,-0.392403,0.181894,-0.76356,0.110664,-0.61144,-0.545172,-0.419939,-0.251929,-0.119198,0.009059,0.112098,-0.801816,0.379169,-0.144417,-0.066622,0.019756,0.09768,0.144456,112.016,POST_INTERVENTION,36MZE,92,04.00
2022-05-08,sentinel2,20220508T073609_20220508T075436_T36MZE,POST,17.13,28.531799,0.36804,0.125865,0.021251,0.817037,0.204981,0.279253,0.357443,0.443243,0.548855,-0.339019,0.1038,-0.709386,-0.05846,-0.490173,-0.40048,-0.330022,-0.259681,-0.209051,-0.063114,0.058414,-0.335705,0.143837,-0.13182,-0.100688,-0.065411,-0.024446,0.012607,118.656,POST_INTERVENTION,36MZE,92,04.00
2022-05-08,sentinel2,20220508T073609_20220508T075436_T37MBV,POST,19.94,52.231824,0.378852,0.141245,0.009386,0.915493,0.197319,0.279418,0.369084,0.46294,0.579905,-0.352386,0.120761,-0.813938,-0.048667,-0.525495,-0.423756,-0.34168,-0.263753,-0.201282,-0.060956,0.060068,-0.335432,0.165676,-0.134629,-0.099514,-0.064489,-0.021414,0.017359,118.656,POST_INTERVENTION,37MBV,92,04.00
2022-05-13,sentinel2,20220513T073621_20220513T075444_T36MZE,POST,0.0,0.303032,0.45032,0.238391,-0.101468,0.873929,0.092018,0.240382,0.486352,0.658277,0.744331,-0.450709,0.186367,-0.780535,0.035162,-0.669869,-0.607457,-0.490216,-0.302719,-0.166114,-0.013914,0.126531,-0.432951,0.368191,-0.185433,-0.103457,-0.005829,0.091807,0.142515,127.1,POST_INTERVENTION,36MZE,92,04.00
2022-05-13,sentinel2,20220513T073621_20220513T075444_T37MBV,POST,0.0,0.956224,0.449599,0.239096,-0.097231,0.874199,0.087837,0.240087,0.486165,0.657973,0.744193,-0.448967,0.186887,-0.793257,0.040212,-0.669938,-0.603497,-0.486303,-0.303036,-0.165839,-0.014597,0.126558,-0.425592,0.361839,-0.185438,-0.103637,-0.005894,0.091801,0.142368,127.1,POST_INTERVENTION,37MBV,92,04.00
2022-05-23,sentinel2,20220523T073621_20220523T075447_T36MZE,POST,1.51,32.493338,0.408063,0.22111,-0.049731,0.867375,0.076293,0.224813,0.439489,0.584073,0.689347,-0.408499,0.179951,-0.759406,0.062634,-0.626836,-0.544957,-0.439601,-0.27137,-0.138634,-0.008733,0.115683,-0.453405,0.330261,-0.169992,-0.079951,0.00202,0.080129,0.130873,88.811,POST_INTERVENTION,36MZE,92,04.00
2022-05-23,sentinel2,20220523T073621_20220523T075447_T37MBV,POST,1.19,18.592115,0.405318,0.218365,-0.04702,0.861023,0.080161,0.220785,0.43556,0.576142,0.685335,-0.403805,0.177679,-0.755787,0.064198,-0.623145,-0.540959,-0.435474,-0.267504,-0.138496,-0.010163,0.114332,-0.440974,0.328426,-0.165805,-0.08006,0.001748,0.080119,0.126848,88.811,POST_INTERVENTION,37MBV,92,04.00
2022-07-02,sentinel2,20220702T073631_20220702T075453_T36MZE,POST,0.0,42.754355,0.303011,0.180976,-0.033907,0.827595,0.08394,0.158151,0.279356,0.419966,0.568303,-0.353841,0.154833,-0.749769,0.027268,-0.56427,-0.462922,-0.35352,-0.232443,-0.142534,0.06619,0.090044,-0.371249,0.296924,-0.056531,0.033441,0.087975,0.126954,0.154366,27.421,POST_INTERVENTION,36MZE,92,04.00
2022-07-02,sentinel2,20220702T073631_20220702T075453_T37MBV,POST,0.0,46.222082,0.303638,0.182795,-0.040447,0.833096,0.083967,0.158133,0.275405,0.423546,0.576229,-0.35393,0.156793,-0.750575,0.029907,-0.568644,-0.462884,-0.353672,-0.232595,-0.14246,0.065728,0.090422,-0.383249,0.306415,-0.060352,0.029146,0.08794,0.127068,0.154253,27.421,POST_INTERVENTION,37MBV,92,04.00
2022-07-27,sentinel2,20220727T073619_20220727T075445_T36MZE,POST,2.51,32.737544,0.25683,0.161259,-0.102362,0.793146,0.064563,0.134901,0.228516,0.353438,0.490528,-0.329624,0.139548,-0.723192,0.054378,-0.517486,-0.423795,-0.330178,-0.224643,-0.14266,0.103372,0.078522,-0.316304,0.307025,-0.001691,0.076128,0.123039,0.154278,0.177602,29.549,POST_INTERVENTION,36MZE,92,04.00
2022-08-06,sentinel2,20220806T073619_20220806T075444_T36MZE,POST,0.0,35.810721,0.273669,0.167889,-0.100897,0.809482,0.064397,0.142524,0.251902,0.380931,0.517394,-0.339855,0.145224,-0.739185,0.058685,-0.533296,-0.443442,-0.341777,-0.232504,-0.138634,0.107713,0.078645,-0.328719,0.389867,0.00598,0.080059,0.123065,0.158184,0.185528,18.696,POST_INTERVENTION,36MZE,92,04.00
2022-08-21,sentinel2,20220821T073631_20220821T075453_T36MZE,POST,0.0,40.958065,0.256564,0.165653,-0.133333,0.803279,0.052563,0.130734,0.23633,0.357369,0.498079,-0.33386,0.149423,-0.747021,0.082938,-0.537206,-0.435757,-0.338103,-0.2246,-0.127049,0.129918,0.070479,-0.318416,0.351765,0.044958,0.103636,0.142435,0.173713,0.201106,11.31,POST_INTERVENTION,36MZE,92,04.00
2022-08-21,sentinel2,20220821T073631_20220821T075453_T37MBV,POST,0.0,39.92916,0.254153,0.16329,-0.155122,0.795122,0.052662,0.13088,0.232276,0.357452,0.49001,-0.329401,0.146689,-0.73913,0.075774,-0.52544,-0.431703,-0.333904,-0.224656,-0.127163,0.127891,0.069922,-0.312697,0.34889,0.040895,0.099555,0.142733,0.169833,0.201224,11.31,POST_INTERVENTION,37MBV,92,04.00
2022-08-31,sentinel2,20220831T073621_20220831T075452_T36MZE,POST,1.61,35.141757,0.299818,0.187427,-0.23427,0.86526,0.050558,0.152587,0.293178,0.425658,0.558874,-0.363408,0.166739,-0.777494,0.153125,-0.579761,-0.486207,-0.380758,-0.24009,-0.123016,0.107247,0.080837,-0.402081,0.410628,0.001689,0.072266,0.123108,0.158185,0.189563,29.434,POST_INTERVENTION,36MZE,92,04.00
2022-08-31,sentinel2,20220831T073621_20220831T075452_T37MBV,POST,1.55,57.573175,0.304148,0.194855,-0.301483,0.877461,0.042837,0.144592,0.300899,0.441151,0.574401,-0.369501,0.174741,-0.795469,0.201507,-0.595959,-0.498092,-0.384777,-0.240269,-0.119462,0.110037,0.082557,-0.40402,0.553247,0.002218,0.07615,0.12698,0.162221,0.193286,29.434,POST_INTERVENTION,37MBV,92,04.00
2023-04-03,sentinel2,20230403T073619_20230403T075443_T36MZE,POST,0.0,26.541328,0.369426,0.234093,-0.155293,0.916,0.050772,0.167621,0.363237,0.542691,0.699733,-0.397456,0.193732,-0.83481,0.098195,-0.658477,-0.541102,-0.412043,-0.248218,-0.122937,0.036252,0.110151,-0.392683,0.33541,-0.122993,-0.017524,0.064508,0.115286,0.150354,79.487,POST_INTERVENTION,36MZE,92,05.09
2023-04-03,sentinel2,20230403T073619_20230403T075443_T37MBV,POST,0.0,29.522547,0.366288,0.230197,-0.1219,0.90748,0.050959,0.167769,0.363452,0.542755,0.69113,-0.392825,0.189759,-0.825288,0.093123,-0.6463,-0.533072,-0.404207,-0.244112,-0.123068,0.035047,0.108846,-0.397994,0.354845,-0.122763,-0.021419,0.06043,0.115284,0.146569,79.487,POST_INTERVENTION,37MBV,92,05.09
2023-04-23,sentinel2,20230423T073619_20230423T075442_T36MZE,POST,4.29,44.09661,0.391012,0.229308,-0.074546,0.863199,0.068175,0.197356,0.396483,0.568296,0.709003,-0.405125,0.190379,-0.783865,0.083244,-0.654553,-0.548991,-0.423822,-0.259856,-0.126952,0.002248,0.115018,-0.386568,0.319315,-0.170007,-0.068401,0.025416,0.091855,0.130863,71.251,POST_INTERVENTION,36MZE,92,05.09
2023-04-23,sentinel2,20230423T073619_20230423T075442_T37MBV,POST,4.94,47.821751,0.399766,0.245286,-0.097849,0.908614,0.058386,0.191434,0.402275,0.589881,0.738026,-0.41626,0.205758,-0.82696,0.106496,-0.685615,-0.572171,-0.435623,-0.259643,-0.119297,0.001041,0.120216,-0.40492,0.359648,-0.177811,-0.072021,0.02562,0.091747,0.134802,71.251,POST_INTERVENTION,37MBV,92,05.09
2023-04-28,sentinel2,20230428T073611_20230428T075437_T36MZE,POST,12.46,50.084782,0.395301,0.226138,-0.06436,0.852462,0.068707,0.213151,0.400704,0.58012,0.705316,-0.392247,0.18547,-0.755783,0.078523,-0.634528,-0.537076,-0.408167,-0.248019,-0.123098,-0.012059,0.112203,-0.373061,0.311175,-0.178148,-0.083947,0.002217,0.076219,0.122917,104.999,POST_INTERVENTION,36MZE,92,05.09
2023-05-08,sentinel2,20230508T073611_20230508T075437_T36MZE,POST,0.0,31.118202,0.461029,0.250697,-0.050558,0.878358,0.080177,0.236307,0.506078,0.681711,0.76754,-0.447837,0.196208,-0.76699,0.068899,-0.681674,-0.611406,-0.49042,-0.286929,-0.146354,-0.042913,0.136986,-0.417931,0.328949,-0.232405,-0.150295,-0.037198,0.07646,0.134751,156.584,POST_INTERVENTION,36MZE,92,05.09
2023-05-08,sentinel2,20230508T073611_20230508T075437_T37MBV,POST,0.0,37.796009,0.461039,0.252433,-0.059425,0.87706,0.079862,0.232517,0.509898,0.681692,0.771398,-0.447145,0.197738,-0.768533,0.06245,-0.68169,-0.6114,-0.489924,-0.28308,-0.146304,-0.044049,0.137569,-0.417946,0.32457,-0.236488,-0.150465,-0.037249,0.076212,0.130733,156.584,POST_INTERVENTION,37MBV,92,05.09
2023-05-13,sentinel2,20230513T073619_20230513T075443_T36MZE,POST,0.0,1.77224,0.465814,0.248775,-0.036866,0.903126,0.087947,0.244092,0.509836,0.677755,0.775503,-0.462902,0.196596,-0.79012,0.03908,-0.697467,-0.623137,-0.506024,-0.302739,-0.162021,-0.037316,0.138302,-0.432226,0.35003,-0.23238,-0.138567,-0.029328,0.08014,0.138587,156.584,POST_INTERVENTION,36MZE,92,05.09
2023-05-13,sentinel2,20230513T073619_20230513T075443_T37MBV,POST,0.0,10.099111,0.465871,0.251181,-0.041816,0.90471,0.083795,0.240202,0.513431,0.681765,0.779285,-0.462357,0.198665,-0.791905,0.042775,-0.70112,-0.623051,-0.505555,-0.298938,-0.158255,-0.03808,0.139055,-0.425796,0.340322,-0.236418,-0.142545,-0.029227,0.08002,0.138725,156.584,POST_INTERVENTION,37MBV,92,05.09
2023-05-18,sentinel2,20230518T073621_20230518T075826_T36MZE,POST,1.67,25.461361,0.455815,0.250548,-0.050196,0.881076,0.076303,0.232223,0.49796,0.666084,0.771401,-0.448482,0.197973,-0.779058,0.057004,-0.689345,-0.611345,-0.494011,-0.287059,-0.146499,-0.028084,0.135409,-0.402291,0.340619,-0.220818,-0.12684,-0.017656,0.087988,0.142713,156.584,POST_INTERVENTION,36MZE,92,05.09
2023-05-18,sentinel2,20230518T073621_20230518T075826_T37MBV,POST,1.71,35.933957,0.457817,0.256748,-0.065744,0.88297,0.06842,0.228403,0.502134,0.673785,0.779303,-0.451021,0.203294,-0.789447,0.067729,-0.697284,-0.615047,-0.498511,-0.282975,-0.142716,-0.02861,0.137648,-0.400462,0.354599,-0.224433,-0.130943,-0.021536,0.087952,0.142669,156.584,POST_INTERVENTION,37MBV,92,05.09
2023-05-23,sentinel2,20230523T073619_20230523T075441_T36MZE,POST,2.12,42.404142,0.442961,0.245034,-0.058951,0.883004,0.076287,0.228844,0.478587,0.646357,0.759705,-0.44255,0.198473,-0.781159,0.070608,-0.685588,-0.599787,-0.482306,-0.283084,-0.138534,-0.034336,0.132737,-0.43242,0.340864,-0.228469,-0.126802,-0.017559,0.076071,0.126952,146.286,POST_INTERVENTION,36MZE,92,05.09
2023-05-23,sentinel2,20230523T073619_20230523T075441_T37MBV,POST,1.96,48.575029,0.441185,0.244182,-0.068521,0.877908,0.076068,0.228634,0.474709,0.642462,0.755782,-0.439804,0.197649,-0.777623,0.078021,-0.681694,-0.599669,-0.482519,-0.2831,-0.139017,-0.034886,0.132307,-0.422924,0.345757,-0.228514,-0.130908,-0.021388,0.076308,0.126913,146.286,POST_INTERVENTION,37MBV,92,05.09
2023-05-28,sentinel2,20230528T073621_20230528T075440_T36MZE,POST,0.0,4.762163,0.423699,0.229797,-0.033167,0.883658,0.087821,0.228416,0.439582,0.607251,0.73253,-0.441075,0.187783,-0.78706,0.034828,-0.677902,-0.58795,-0.470818,-0.294692,-0.162065,-0.002923,0.119622,-0.396378,0.325839,-0.177917,-0.080132,0.017482,0.091773,0.134728,76.454,POST_INTERVENTION,36MZE,92,05.09
2023-05-28,sentinel2,20230528T073621_20230528T075440_T37MBV,POST,0.0,16.78863,0.423788,0.231281,-0.034174,0.877301,0.087821,0.228671,0.439471,0.607621,0.736397,-0.44039,0.189197,-0.792605,0.042988,-0.677849,-0.58791,-0.470803,-0.290991,-0.158109,-0.003624,0.119995,-0.397188,0.335594,-0.18175,-0.079879,0.013605,0.091815,0.134741,76.454,POST_INTERVENTION,37MBV,92,05.09
2023-07-12,sentinel2,20230712T073619_20230712T075441_T36MZE,POST,0.0,9.85448,0.364416,0.192264,-0.032293,0.825859,0.088104,0.204907,0.380862,0.509759,0.619126,-0.400483,0.159448,-0.751889,0.022746,-0.595654,-0.525302,-0.427677,-0.279562,-0.162232,0.039598,0.091976,-0.35725,0.330433,-0.087924,-0.013633,0.05676,0.10733,0.142512,53.933,POST_INTERVENTION,36MZE,92,05.09
2023-07-12,sentinel2,20230712T073619_20230712T075441_T37MBV,POST,0.0,36.4824,0.364029,0.192714,-0.036978,0.822232,0.083936,0.201293,0.380804,0.513611,0.619348,-0.399214,0.159841,-0.739957,0.028252,-0.595894,-0.521393,-0.427745,-0.279394,-0.158355,0.038547,0.09201,-0.337132,0.335238,-0.091734,-0.01367,0.056663,0.107346,0.142526,53.933,POST_INTERVENTION,37MBV,92,05.09
2023-07-17,sentinel2,20230717T073621_20230717T075441_T36MZE,POST,0.88,20.811883,0.32441,0.170764,-0.023077,0.795671,0.080196,0.185686,0.330123,0.451076,0.55288,-0.368811,0.142845,-0.700383,0.011673,-0.544912,-0.478479,-0.392779,-0.259523,-0.158215,0.058045,0.082065,-0.276133,0.322188,-0.060377,0.009766,0.072346,0.119116,0.150312,35.158,POST_INTERVENTION,36MZE,92,05.09
2023-07-17,sentinel2,20230717T073621_20230717T075441_T37MBV,POST,0.8,51.649499,0.32404,0.171168,-0.015344,0.805833,0.0799,0.185479,0.33014,0.451051,0.552498,-0.367491,0.143188,-0.707594,0.003149,-0.545143,-0.474594,-0.388777,-0.259835,-0.154167,0.056893,0.082081,-0.275192,0.330783,-0.060474,0.009883,0.072264,0.119027,0.146394,35.158,POST_INTERVENTION,37MBV,92,05.09
2023-07-27,sentinel2,20230727T073621_20230727T075808_T36MZE,POST,5.28,49.204025,0.277641,0.166744,-0.05445,0.86414,0.060485,0.14649,0.271413,0.376903,0.509722,-0.335959,0.147197,-0.76626,0.054486,-0.533098,-0.431473,-0.341744,-0.228239,-0.13466,0.072134,0.075052,-0.359483,0.305088,-0.02549,0.033424,0.083955,0.123066,0.15431,41.429,POST_INTERVENTION,36MZE,92,05.09
2023-08-01,sentinel2,20230801T073619_20230801T075442_T36MZE,POST,0.0,27.23003,0.271271,0.120984,-0.01798,0.782389,0.119056,0.181547,0.259753,0.345767,0.431558,-0.324201,0.107395,-0.711359,0.006614,-0.45881,-0.396491,-0.326149,-0.248124,-0.181851,0.066484,0.061241,-0.328393,0.275316,-0.017623,0.037163,0.076224,0.107421,0.130848,21.245,POST_INTERVENTION,36MZE,92,05.09
2023-08-01,sentinel2,20230801T073619_20230801T075442_T37MBV,POST,0.0,57.187802,0.271884,0.122111,-0.01992,0.778134,0.118973,0.181595,0.263726,0.345683,0.435503,-0.324385,0.108469,-0.702687,0.005726,-0.462928,-0.396461,-0.32607,-0.248069,-0.177722,0.065622,0.061525,-0.317347,0.269717,-0.017657,0.037302,0.07614,0.107454,0.130784,21.245,POST_INTERVENTION,37MBV,92,05.09
2023-08-11,sentinel2,20230811T073619_20230811T075710_T36MZE,POST,0.0,57.841903,0.269293,0.145026,-0.032533,0.741601,0.076008,0.158156,0.259653,0.365285,0.478622,-0.312541,0.126985,-0.671698,0.041755,-0.478425,-0.400408,-0.326025,-0.22047,-0.130781,0.047766,0.069851,-0.330239,0.287207,-0.052738,0.013615,0.064429,0.095694,0.119197,20.961,POST_INTERVENTION,36MZE,92,05.09
2023-08-16,sentinel2,20230816T073621_20230816T075847_T36MZE,POST,0.0,24.137054,0.283663,0.17883,-0.060985,0.827035,0.064135,0.150458,0.259888,0.388605,0.552721,-0.358601,0.157539,-0.761429,0.050619,-0.576013,-0.462998,-0.36133,-0.248324,-0.142541,0.106863,0.079854,-0.358704,0.35992,-0.001807,0.076151,0.123148,0.158179,0.185556,19.613,POST_INTERVENTION,36MZE,92,05.09
2023-08-16,sentinel2,20230816T073621_20230816T075847_T37MBV,POST,0.0,48.87439,0.282734,0.181596,-0.07092,0.835003,0.06053,0.146677,0.25601,0.388515,0.553221,-0.35464,0.160404,-0.768816,0.076811,-0.576241,-0.462828,-0.353629,-0.240337,-0.138838,0.105907,0.08045,-0.359383,0.372158,-0.001918,0.076296,0.123186,0.158152,0.185386,19.613,POST_INTERVENTION,37MBV,92,05.09
2023-08-21,sentinel2,20230821T073619_20230821T075437_T36MZE,POST,0.0,11.627273,0.270628,0.167709,-0.038392,0.817117,0.068468,0.1464,0.24398,0.365313,0.52136,-0.34624,0.149109,-0.756873,0.033703,-0.552677,-0.439411,-0.345613,-0.240103,-0.146421,0.097412,0.07583,-0.317722,0.313849,-0.005613,0.072281,0.115218,0.14648,0.169919,26.208,POST_INTERVENTION,36MZE,92,05.09
2023-08-21,sentinel2,20230821T073619_20230821T075437_T37MBV,POST,0.0,27.720827,0.266394,0.165173,-0.032767,0.800447,0.06844,0.142457,0.240354,0.357436,0.513637,-0.337182,0.14653,-0.736973,0.030975,-0.540672,-0.431582,-0.33395,-0.236233,-0.138711,0.096055,0.075065,-0.311346,0.321023,-0.005828,0.072396,0.115182,0.142563,0.169856,26.208,POST_INTERVENTION,37MBV,92,05.09
2023-08-26,sentinel2,20230826T073621_20230826T074940_T36MZE,POST,0.0,9.279152,0.25664,0.163505,-0.042764,0.815317,0.064615,0.138655,0.228475,0.341822,0.501983,-0.334961,0.143735,-0.753739,0.029656,-0.533307,-0.423971,-0.329905,-0.232521,-0.14638,0.111329,0.076018,-0.299707,0.317175,0.009586,0.087765,0.130947,0.158221,0.18154,19.937,POST_INTERVENTION,36MZE,92,05.09
2023-08-26,sentinel2,20230826T073621_20230826T074940_T37MBV,POST,0.0,5.198659,0.255185,0.162044,-0.039057,0.813333,0.064499,0.134598,0.224489,0.341541,0.493779,-0.331972,0.142245,-0.744065,0.027591,-0.529331,-0.420164,-0.326215,-0.232389,-0.142388,0.109827,0.075625,-0.303231,0.329318,0.009841,0.087939,0.127047,0.158194,0.181637,19.937,POST_INTERVENTION,37MBV,92,05.09
2023-08-31,sentinel2,20230831T073619_20230831T075300_T36MZE,POST,0.0,51.629031,0.256067,0.164776,-0.042391,0.814078,0.060507,0.13867,0.228563,0.341806,0.50166,-0.323394,0.144106,-0.741553,0.043897,-0.521554,-0.412033,-0.322292,-0.224782,-0.126916,0.093981,0.081052,-0.331925,0.309331,-0.013694,0.068336,0.115177,0.146458,0.16988,19.937,POST_INTERVENTION,36MZE,92,05.09
2024-04-22,sentinel2,20240422T073621_20240422T075353_T36MZE,POST,0.0,2.157188,0.515291,0.270739,-0.061751,0.91122,0.080022,0.283364,0.595621,0.748066,0.818178,-0.483583,0.207172,-0.804183,0.082607,-0.708934,-0.650275,-0.548748,-0.326399,-0.15045,-0.062084,0.153081,-0.479429,0.35319,-0.26781,-0.185562,-0.068559,0.072317,0.146599,278.504,POST_INTERVENTION,36MZE,92,05.10
2024-04-22,sentinel2,20240422T073621_20240422T075353_T37MBV,POST,0.0,4.159021,0.513389,0.269874,-0.061213,0.909573,0.079953,0.286891,0.591876,0.743977,0.818466,-0.480383,0.206485,-0.799002,0.068627,-0.705003,-0.646405,-0.548731,-0.322497,-0.146225,-0.063071,0.152425,-0.466246,0.361464,-0.267488,-0.185567,-0.072345,0.072306,0.142508,278.504,POST_INTERVENTION,37MBV,92,05.10
2024-04-27,sentinel2,20240427T073609_20240427T075435_T36MZE,POST,0.0,24.215378,0.535935,0.288857,-0.087356,0.931106,0.066352,0.293288,0.621182,0.784991,0.855297,-0.497385,0.222346,-0.819493,0.102013,-0.740261,-0.677796,-0.568223,-0.329836,-0.13896,-0.092403,0.170826,-0.492436,0.354478,-0.322178,-0.232226,-0.10357,0.060509,0.142707,219.859,POST_INTERVENTION,36MZE,92,05.10
2024-04-27,sentinel2,20240427T073609_20240427T075435_T37MBV,POST,0.0,19.551457,0.539138,0.295983,-0.10192,0.939745,0.058565,0.285187,0.629309,0.793109,0.871152,-0.500163,0.228563,-0.829669,0.132255,-0.747944,-0.685421,-0.57216,-0.32996,-0.127247,-0.093737,0.173681,-0.496407,0.372572,-0.326283,-0.236395,-0.103603,0.060688,0.142547,219.859,POST_INTERVENTION,37MBV,92,05.10
2024-05-07,sentinel2,20240507T073619_20240507T075437_T36MZE,POST,12.53,44.831049,0.535871,0.289612,-0.094232,0.905344,0.066545,0.28496,0.629152,0.785693,0.847833,-0.482586,0.224511,-0.788534,0.115696,-0.724351,-0.669898,-0.556631,-0.310439,-0.115153,-0.118149,0.172266,-0.468511,0.327211,-0.341847,-0.263725,-0.134589,0.036996,0.12308,421.103,POST_INTERVENTION,36MZE,92,05.10
2024-05-12,sentinel2,20240512T073621_20240512T075440_T36MZE,POST,0.0,5.208319,0.538346,0.287134,-0.107969,0.912881,0.081906,0.285265,0.621137,0.793107,0.863496,-0.500642,0.221937,-0.804997,0.18342,-0.743982,-0.685469,-0.572397,-0.322225,-0.146668,-0.100636,0.178083,-0.482681,0.373805,-0.33793,-0.252049,-0.115191,0.060721,0.146313,382.222,POST_INTERVENTION,36MZE,92,05.10
2024-05-12,sentinel2,20240512T073621_20240512T075440_T37MBV,POST,0.0,16.822605,0.536789,0.286091,-0.089716,0.908475,0.084055,0.279299,0.61929,0.787309,0.857518,-0.497956,0.22114,-0.801218,0.162978,-0.740208,-0.681566,-0.568502,-0.318649,-0.14658,-0.101656,0.17711,-0.485228,0.370307,-0.337907,-0.251736,-0.115351,0.060545,0.142676,382.222,POST_INTERVENTION,37MBV,92,05.10
2024-05-17,sentinel2,20240517T073609_20240517T075434_T36MZE,POST,0.0,11.395407,0.529294,0.288487,-0.066978,0.918834,0.076223,0.275105,0.603284,0.783092,0.865178,-0.496142,0.227066,-0.813444,0.168539,-0.752051,-0.689514,-0.556725,-0.310416,-0.13864,-0.102099,0.178814,-0.523275,0.369283,-0.345849,-0.255937,-0.107488,0.060586,0.138705,317.665,POST_INTERVENTION,36MZE,92,05.10
2024-05-17,sentinel2,20240517T073609_20240517T075434_T37MBV,POST,0.0,32.343739,0.526789,0.285736,-0.064292,0.91259,0.07995,0.271411,0.599186,0.779405,0.857595,-0.492017,0.224793,-0.807985,0.139151,-0.748253,-0.681649,-0.552759,-0.306554,-0.138768,-0.103071,0.177349,-0.521318,0.36601,-0.34192,-0.251777,-0.111127,0.060839,0.134771,317.665,POST_INTERVENTION,37MBV,92,05.10
2024-05-22,sentinel2,20240522T073611_20240522T075128_T36MZE,POST,10.28,49.468541,0.448059,0.25694,-0.157447,0.897528,0.121572,0.214867,0.425655,0.699102,0.801025,-0.41088,0.208399,-0.79551,0.282609,-0.683578,-0.605178,-0.410318,-0.222711,-0.152324,-0.096071,0.156999,-0.487767,0.380206,-0.322312,-0.224649,-0.064453,0.013612,0.099495,357.503,POST_INTERVENTION,36MZE,92,05.10
2024-05-22,sentinel2,20240522T073611_20240522T075128_T37MBV,POST,10.01,51.301473,0.449092,0.258814,-0.091655,0.896104,0.122866,0.216751,0.431348,0.700963,0.802922,-0.411117,0.209748,-0.787166,0.222482,-0.683576,-0.612986,-0.40987,-0.222794,-0.152485,-0.09731,0.15785,-0.498051,0.375975,-0.326084,-0.228416,-0.064313,0.013669,0.09971,357.503,POST_INTERVENTION,37MBV,92,05.10
2024-05-27,sentinel2,20240527T073609_20240527T075436_T36MZE,POST,0.0,8.372526,0.503751,0.278211,-0.230514,0.899181,0.089559,0.246129,0.558871,0.753935,0.840092,-0.476486,0.227086,-0.803966,0.382157,-0.738414,-0.675856,-0.52719,-0.284806,-0.13678,-0.102814,0.173045,-0.573668,0.337017,-0.338071,-0.247982,-0.107379,0.056435,0.126917,333.623,POST_INTERVENTION,36MZE,92,05.10
2024-05-27,sentinel2,20240527T073609_20240527T075436_T37MBV,POST,0.0,4.354451,0.500486,0.275241,-0.217666,0.894776,0.089713,0.245905,0.550976,0.754113,0.832105,-0.471669,0.224571,-0.793572,0.368957,-0.730565,-0.668098,-0.527447,-0.277812,-0.136658,-0.103728,0.171467,-0.574099,0.331451,-0.334164,-0.247842,-0.111325,0.05679,0.122857,333.623,POST_INTERVENTION,37MBV,92,05.10
2024-07-01,sentinel2,20240701T073621_20240701T075911_T36MZE,POST,0.0,1.946471,0.463256,0.270168,-0.451713,0.941613,0.074254,0.222773,0.496137,0.691471,0.816599,-0.471046,0.225834,-0.857584,0.523035,-0.74604,-0.652614,-0.5117,-0.28527,-0.144525,-0.037595,0.154286,-0.619918,0.438532,-0.261709,-0.144319,-0.01929,0.090116,0.144456,51.17,POST_INTERVENTION,36MZE,92,05.10
2024-07-01,sentinel2,20240701T073621_20240701T075911_T37MBV,POST,0.0,9.516004,0.456183,0.258332,-0.347945,0.927504,0.082182,0.222778,0.488202,0.667715,0.792806,-0.459998,0.214918,-0.827521,0.42994,-0.722602,-0.636788,-0.504004,-0.285302,-0.152239,-0.041311,0.149758,-0.607424,0.305896,-0.255872,-0.146568,-0.02545,0.087686,0.138636,51.17,POST_INTERVENTION,37MBV,92,05.10
2024-07-11,sentinel2,20240711T073621_20240711T075621_T36MZE,POST,0.0,17.444579,0.446281,0.243022,-0.147429,0.900136,0.081906,0.238281,0.480431,0.6449,0.753808,-0.442173,0.197659,-0.787693,0.275728,-0.675633,-0.605441,-0.480596,-0.285099,-0.14493,-0.026254,0.141826,-0.552818,0.361804,-0.224412,-0.126807,-0.013686,0.091827,0.146502,106.486,POST_INTERVENTION,36MZE,92,05.10
2024-07-11,sentinel2,20240711T073621_20240711T075621_T37MBV,POST,0.0,37.695169,0.445785,0.243772,-0.145786,0.900135,0.081839,0.238471,0.48032,0.644447,0.753846,-0.440893,0.198305,-0.785305,0.273959,-0.675485,-0.597705,-0.480529,-0.284979,-0.144468,-0.027376,0.141936,-0.552173,0.356133,-0.228517,-0.127018,-0.013609,0.091816,0.14644,106.486,POST_INTERVENTION,37MBV,92,05.10
2024-07-26,sentinel2,20240726T073619_20240726T075403_T36MZE,POST,1.72,43.484882,0.470668,0.251826,-0.213038,0.908756,0.074034,0.261402,0.527453,0.683196,0.769754,-0.45383,0.202127,-0.792365,0.305955,-0.683575,-0.621077,-0.511692,-0.300548,-0.137017,-0.050559,0.148706,-0.55071,0.336979,-0.247847,-0.158322,-0.04884,0.072089,0.138753,70.029,POST_INTERVENTION,36MZE,92,05.11
2024-07-26,sentinel2,20240726T073619_20240726T075403_T37MBV,POST,1.23,54.30156,0.460989,0.243295,-0.166485,0.8942,0.081882,0.253781,0.519609,0.668059,0.746136,-0.441171,0.194538,-0.77766,0.264875,-0.660116,-0.597696,-0.496105,-0.293079,-0.136357,-0.052132,0.14497,-0.541661,0.328517,-0.248073,-0.158436,-0.04906,0.068281,0.134732,70.029,POST_INTERVENTION,37MBV,92,05.11
2024-08-05,sentinel2,20240805T073619_20240805T075902_T36MZE,POST,0.0,11.020429,0.453801,0.237342,-0.181921,0.901925,0.089848,0.254224,0.504276,0.652227,0.746186,-0.453071,0.189317,-0.796225,0.283168,-0.667905,-0.613363,-0.504009,-0.300958,-0.160468,-0.024123,0.139353,-0.548549,0.343433,-0.212713,-0.119341,-0.013596,0.091778,0.14245,87.243,POST_INTERVENTION,36MZE,92,05.11
2024-08-05,sentinel2,20240805T073619_20240805T075902_T37MBV,POST,0.0,18.366873,0.446758,0.227561,-0.126521,0.885341,0.097781,0.25434,0.488589,0.636752,0.722287,-0.442706,0.180347,-0.780129,0.245005,-0.652367,-0.589654,-0.488369,-0.300622,-0.160443,-0.026655,0.136074,-0.533709,0.331967,-0.208957,-0.119027,-0.017665,0.088043,0.138729,87.243,POST_INTERVENTION,37MBV,92,05.11
2024-08-10,sentinel2,20240810T073611_20240810T074906_T36MZE,POST,0.0,30.965981,0.418524,0.231418,-0.227545,0.896156,0.074032,0.222698,0.45729,0.613308,0.707047,-0.426437,0.188754,-0.781613,0.306452,-0.652627,-0.582047,-0.472892,-0.277326,-0.136871,0.000489,0.128744,-0.539079,0.332675,-0.177858,-0.080058,0.021474,0.099564,0.146451,40.581,POST_INTERVENTION,36MZE,92,05.11
2024-08-10,sentinel2,20240810T073611_20240810T074906_T37MBV,POST,0.0,55.608028,0.416477,0.229471,-0.218413,0.893184,0.073858,0.222465,0.449154,0.605197,0.707148,-0.422603,0.1868,-0.772819,0.3,-0.644881,-0.574196,-0.46494,-0.277375,-0.136822,-0.001269,0.128009,-0.548343,0.334341,-0.177926,-0.080109,0.017582,0.099719,0.142532,40.581,POST_INTERVENTION,37MBV,92,05.11
2024-08-30,sentinel2,20240830T073611_20240830T075015_T36MZE,POST,0.0,0.754352,0.377617,0.212908,-0.150442,0.925452,0.074076,0.207241,0.379112,0.542976,0.66019,-0.407453,0.173944,-0.823084,0.262735,-0.62104,-0.542787,-0.433721,-0.277486,-0.152732,0.031209,0.132992,-0.557707,0.324105,-0.154254,-0.033073,0.068321,0.123048,0.158208,22.552,POST_INTERVENTION,36MZE,92,05.11
2024-08-30,sentinel2,20240830T073611_20240830T075015_T37MBV,POST,0.0,13.077883,0.376176,0.211375,-0.151142,0.923598,0.07402,0.207223,0.378764,0.542894,0.660249,-0.404201,0.172495,-0.819207,0.266754,-0.613294,-0.535305,-0.433813,-0.269158,-0.144639,0.029663,0.132291,-0.554891,0.334176,-0.154257,-0.033194,0.068353,0.12317,0.154397,22.552,POST_INTERVENTION,37MBV,92,05.11
