date,source,image_id,pre_post,aoi_cloud_pct,tile_cloud_pct,NDVI_mean,NDVI_std,NDVI_min,NDVI_max,NDVI_p10,NDVI_p25,NDVI_p50,NDVI_p75,NDVI_p90,BSI_mean,BSI_std,BSI_min,BSI_max,BSI_p10,BSI_p25,BSI_p50,BSI_p75,BSI_p90,NDMI_mean,NDMI_std,NDMI_min,NDMI_max,NDMI_p10,NDMI_p25,NDMI_p50,NDMI_p75,NDMI_p90,chirps_30d_mm,flags,mgrs_tile,orbit_number,processing_baseline
2019-01-02,sentinel2,20190102T075321_20190102T075634_T36NXF,PRE,0.1,1.208526,0.558762,0.206482,-0.313983,0.903054,0.246161,0.425803,0.597694,0.722697,0.801008,-0.04352,0.132252,-0.427736,0.479902,-0.220617,-0.138784,-0.041099,0.052799,0.134767,0.134955,0.130195,-0.390281,0.490043,-0.044906,0.044951,0.142581,0.228705,0.298966,139.144,PRE_INTERVENTION,36NXF,135,02.11
2019-01-07,sentinel2,20190107T075319_20190107T080915_T36NXF,PRE,0.04,1.535161,0.51593,0.178817,-0.027828,0.925451,0.271434,0.396468,0.533248,0.654326,0.736289,-0.038915,0.110679,-0.462816,0.430529,-0.181668,-0.111451,-0.037068,0.033151,0.107361,0.1172,0.11074,-0.368083,0.502512,-0.025387,0.052712,0.115273,0.189305,0.255568,118.493,PRE_INTERVENTION,36NXF,135,02.11
2019-01-12,sentinel2,20190112T075301_20190112T075614_T36NXF,PRE,0.0,10.332992,0.516943,0.192406,-0.028077,0.884682,0.228472,0.388598,0.548797,0.669795,0.748117,-0.015584,0.119791,-0.404983,0.415435,-0.173847,-0.095707,-0.009867,0.072204,0.13864,0.107621,0.119826,-0.444551,0.464847,-0.052625,0.025391,0.107366,0.189586,0.259815,61.862,PRE_INTERVENTION,36NXF,135,02.11
2019-01-17,sentinel2,20190117T075249_20190117T080836_T36NXF,PRE,0.01,4.038922,0.520945,0.206062,-0.045153,0.90678,0.213067,0.384818,0.552557,0.677755,0.771477,-0.006707,0.129891,-0.429136,0.471163,-0.181674,-0.087818,0.002,0.087971,0.158129,0.098928,0.13027,-0.475523,0.490045,-0.072125,0.009736,0.099567,0.185548,0.267555,62.694,PRE_INTERVENTION,36NXF,135,02.11
2019-01-22,sentinel2,20190122T075221_20190122T075539_T36NXF,PRE,0.01,0.175152,0.521291,0.204748,-0.043895,0.890347,0.213013,0.384758,0.548723,0.68156,0.771523,8.6e-05,0.127211,-0.404318,0.435299,-0.173726,-0.08401,0.0098,0.091682,0.162151,0.093726,0.126749,-0.435884,0.481714,-0.072305,0.005912,0.091757,0.181653,0.259821,57.433,PRE_INTERVENTION,36NXF,135,02.11
2019-01-27,sentinel2,20190127T075209_20190127T080616_T36NXF,PRE,0.07,25.275155,0.489479,0.178154,0.005828,0.850812,0.228708,0.369071,0.50962,0.626928,0.712965,-0.009634,0.110637,-0.374554,0.374184,-0.158242,-0.080178,-0.002079,0.072155,0.127014,0.084342,0.11208,-0.385616,0.439842,-0.056596,0.005854,0.080129,0.158269,0.232368,51.046,PRE_INTERVENTION,36NXF,135,02.11
2019-02-01,sentinel2,20190201T075141_20190201T080139_T36NXF,PRE,0.0,0.033922,0.456404,0.179895,-0.021831,0.86245,0.201198,0.333963,0.46672,0.587937,0.685489,0.03845,0.106337,-0.374231,0.368269,-0.1034,-0.021513,0.052729,0.115335,0.162103,0.051197,0.108203,-0.382891,0.443667,-0.080136,-0.025431,0.040989,0.115223,0.193182,40.811,PRE_INTERVENTION,36NXF,135,05.00
2019-02-06,sentinel2,20190206T075109_20190206T080454_T36NXF,PRE,1.62,39.857907,0.401272,0.14727,0.010753,0.775213,0.197226,0.298806,0.408213,0.502051,0.59177,0.043182,0.086912,-0.296037,0.307948,-0.076184,-0.001969,0.056637,0.103573,0.138711,0.043297,0.091719,-0.321414,0.38895,-0.06445,-0.021461,0.033215,0.09569,0.16614,40.811,PRE_INTERVENTION,36NXF,135,02.11
2019-02-21,sentinel2,20190221T074931_20190221T075527_T36NXF,PRE,0.1,39.913136,0.436432,0.185377,-0.130548,0.878936,0.183756,0.308574,0.441312,0.566511,0.683614,0.054604,0.114085,-0.402708,0.419805,-0.09972,-0.005856,0.072288,0.134738,0.18173,0.041725,0.116912,-0.426907,0.474909,-0.095615,-0.040996,0.029236,0.107432,0.197478,30.922,PRE_INTERVENTION,36NXF,135,02.11
2019-02-26,sentinel2,20190226T074859_20190226T080814_T36NXF,PRE,0.04,1.42259,0.467191,0.184233,-0.031794,0.877614,0.208987,0.341888,0.478456,0.599502,0.70512,0.031593,0.11537,-0.410503,0.391009,-0.122967,-0.033233,0.044899,0.111333,0.162028,0.040767,0.116934,-0.426309,0.46747,-0.099631,-0.040954,0.029259,0.111339,0.193376,102.632,PRE_INTERVENTION,36NXF,135,02.11
2019-05-02,sentinel2,20190502T074621_20190502T080204_T36NXF,PRE,0.01,34.585644,0.517685,0.197958,-0.045317,0.893041,0.220673,0.384678,0.540994,0.673865,0.7637,-0.018659,0.127534,-0.420567,0.407954,-0.193528,-0.103501,-0.013615,0.076173,0.142421,0.109058,0.125504,-0.39958,0.471374,-0.05657,0.02149,0.107467,0.197324,0.275371,231.103,PRE_INTERVENTION,36NXF,135,02.11
2019-05-07,sentinel2,20190507T074619_20190507T080526_T36NXF,PRE,1.7,10.937658,0.531087,0.17929,0.003387,0.850648,0.259672,0.419889,0.564385,0.67004,0.744097,-0.076426,0.118467,-0.383064,0.317485,-0.232368,-0.162052,-0.076142,0.009723,0.0879,0.156661,0.118788,-0.328456,0.457442,-0.009749,0.076173,0.162151,0.244118,0.306567,254.198,PRE_INTERVENTION,36NXF,135,02.12
2019-05-12,sentinel2,20190512T074621_20190512T080030_T36NXF,PRE,0.19,37.874351,0.565312,0.22625,-0.086227,0.939506,0.214961,0.425905,0.605455,0.746196,0.832009,-0.052742,0.146773,-0.468475,0.442259,-0.247952,-0.158233,-0.052694,0.052845,0.142634,0.142369,0.141362,-0.454626,0.529437,-0.052772,0.044953,0.150463,0.244256,0.322158,290.166,PRE_INTERVENTION,36NXF,135,02.12
2019-05-17,sentinel2,20190517T074619_20190517T075858_T36NXF,PRE,0.09,14.739789,0.571217,0.219991,-0.040173,0.936333,0.236051,0.423977,0.611326,0.747943,0.830075,-0.058469,0.148734,-0.463326,0.421324,-0.259975,-0.166135,-0.056646,0.052747,0.138633,0.13423,0.144205,-0.475367,0.512183,-0.064409,0.03316,0.138596,0.240325,0.318331,300.224,PRE_INTERVENTION,36NXF,135,02.12
2019-05-22,sentinel2,20190522T074621_20190522T080757_T36NXF,PRE,13.47,13.800843,0.56517,0.220481,-0.046202,0.920744,0.236381,0.408213,0.607355,0.748106,0.822215,-0.073349,0.141368,-0.454029,0.437875,-0.259862,-0.177737,-0.076089,0.025413,0.123194,0.165788,0.135325,-0.436755,0.516418,-0.021487,0.07619,0.173886,0.263642,0.334089,352.985,PRE_INTERVENTION,36NXF,135,02.12
2019-05-27,sentinel2,20190527T074619_20190527T080335_T36NXF,PRE,13.18,20.755252,0.55596,0.219129,-0.046047,0.91954,0.236235,0.396321,0.58799,0.740129,0.822257,-0.093411,0.141094,-0.486239,0.412749,-0.279311,-0.193235,-0.09168,0.001895,0.099547,0.173376,0.138289,-0.449049,0.536187,-0.013745,0.087897,0.177811,0.271449,0.349796,310.571,PRE_INTERVENTION,36NXF,135,02.12
2019-06-16,sentinel2,20190616T074619_20190616T080736_T36NXF,PRE,0.51,21.816762,0.57094,0.19822,-0.03903,0.882594,0.267606,0.447177,0.615319,0.736263,0.794961,-0.121053,0.137478,-0.455933,0.381246,-0.298754,-0.228488,-0.126918,-0.021508,0.07225,0.203997,0.136865,-0.432758,0.525015,0.009804,0.111379,0.216782,0.306609,0.373169,280.975,PRE_INTERVENTION,36NXF,135,02.12
2019-06-21,sentinel2,20190621T074621_20190621T080443_T36NXF,PRE,0.26,15.989794,0.584606,0.212371,-0.043174,0.89726,0.248081,0.447074,0.634876,0.763747,0.818209,-0.094047,0.145716,-0.443484,0.414758,-0.287045,-0.209105,-0.095729,0.017581,0.107411,0.187502,0.140832,-0.400925,0.521121,-0.009697,0.087955,0.197274,0.29482,0.365351,246.688,PRE_INTERVENTION,36NXF,135,02.12
2020-01-02,sentinel2,20200102T075229_20200102T080825_T36NXF,PRE,33.05,28.529342,0.429046,0.180519,-0.049534,0.845528,0.193455,0.299074,0.41974,0.564521,0.677627,-0.118408,0.120938,-0.571037,0.329197,-0.283184,-0.1973,-0.111296,-0.040991,0.041223,0.20185,0.119404,-0.335129,0.577093,0.056444,0.12698,0.197321,0.283169,0.361215,245.601,PRE_INTERVENTION,36NXF,135,02.13
2020-01-07,sentinel2,20200107T075311_20200107T075626_T36NXF,PRE,0.74,16.996488,0.558677,0.216437,-0.07672,0.910387,0.232485,0.412129,0.59961,0.736228,0.814477,-0.052253,0.138267,-0.472849,0.450458,-0.240186,-0.154342,-0.048847,0.048811,0.134952,0.145046,0.136455,-0.46522,0.536327,-0.043054,0.050798,0.152334,0.246074,0.316333,203.851,PRE_INTERVENTION,36NXF,135,02.13
2020-01-22,sentinel2,20200122T075129_20200122T080758_T36NXF,PRE,0.27,4.068732,0.528763,0.189852,-0.003088,0.856331,0.236203,0.404095,0.564572,0.68152,0.751925,-0.040926,0.131514,-0.411741,0.394971,-0.21295,-0.138598,-0.041086,0.056668,0.138613,0.126653,0.133924,-0.430029,0.501646,-0.056646,0.033021,0.134757,0.224603,0.298824,154.81,PRE_INTERVENTION,36NXF,135,02.13
2020-02-11,sentinel2,20200211T074959_20200211T080355_T36NXF,PRE,0.0,0.125338,0.55741,0.206085,-0.017716,0.89866,0.244164,0.419829,0.591691,0.724708,0.802727,-0.048509,0.139922,-0.449896,0.414366,-0.240072,-0.150413,-0.044935,0.056525,0.134755,0.124983,0.138819,-0.457091,0.5158,-0.064516,0.025469,0.126996,0.224702,0.306714,175.679,PRE_INTERVENTION,36NXF,135,05.00
2020-02-16,sentinel2,20200216T075011_20200216T080428_T36NXF,PRE,0.1,1.255338,0.538672,0.21925,-0.051706,0.919592,0.209165,0.388475,0.572222,0.716845,0.806596,-0.017695,0.136289,-0.442408,0.439537,-0.20512,-0.111171,-0.009747,0.083985,0.15817,0.112947,0.1346,-0.460256,0.499781,-0.068406,0.017442,0.115236,0.2089,0.291149,184.475,PRE_INTERVENTION,36NXF,135,02.14
2020-02-21,sentinel2,20200221T074939_20200221T080715_T36NXF,PRE,0.01,13.226041,0.521617,0.206209,-0.033039,0.895589,0.216771,0.380957,0.548793,0.685543,0.779216,-0.012134,0.131796,-0.434177,0.418696,-0.193462,-0.099656,-0.001948,0.087863,0.154216,0.095467,0.132431,-0.430063,0.491578,-0.080056,0.002051,0.091804,0.185655,0.271492,176.938,PRE_INTERVENTION,36NXF,135,02.14
2020-05-01,sentinel2,20200501T074609_20200501T080518_T36NXF,PRE,0.12,9.74159,0.584721,0.226263,-0.055826,0.958686,0.238438,0.441176,0.629041,0.761749,0.847712,-0.065039,0.148348,-0.484245,0.475817,-0.267505,-0.169911,-0.060458,0.040984,0.134692,0.150915,0.143474,-0.505353,0.526342,-0.050734,0.058698,0.16025,0.254045,0.339723,386.768,PRE_INTERVENTION,36NXF,135,02.14
2020-05-06,sentinel2,20200506T074621_20200506T080222_T36NXF,PRE,11.87,7.627832,0.551263,0.227242,-0.060897,0.952912,0.206931,0.394583,0.589706,0.738197,0.824431,-0.061985,0.144407,-0.48072,0.45376,-0.259902,-0.162213,-0.056574,0.040946,0.130744,0.156597,0.140002,-0.429575,0.546121,-0.033368,0.064342,0.162223,0.255923,0.337968,448.831,PRE_INTERVENTION,36NXF,135,02.14
2020-05-11,sentinel2,20200511T074609_20200511T080553_T36NXF,PRE,13.24,48.092852,0.581374,0.239981,-0.076923,0.997455,0.222798,0.402119,0.628964,0.777311,0.86333,-0.084671,0.149692,-0.479161,0.42829,-0.283236,-0.193455,-0.083932,0.017638,0.119092,0.171814,0.142477,-0.483095,0.527021,-0.027013,0.082112,0.175827,0.277302,0.355377,463.822,PRE_INTERVENTION,36NXF,135,02.14
2020-05-16,sentinel2,20200516T074621_20200516T080324_T36NXF,PRE,2.64,17.783136,0.566134,0.234277,-0.067141,0.936196,0.207072,0.394331,0.613302,0.761693,0.839772,-0.07606,0.145009,-0.463846,0.438273,-0.267533,-0.181682,-0.07608,0.025432,0.123074,0.170452,0.140506,-0.46859,0.533717,-0.027466,0.082341,0.17579,0.277263,0.347537,426.098,PRE_INTERVENTION,36NXF,135,02.14
2020-05-21,sentinel2,20200521T074609_20200521T080518_T36NXF,PRE,0.08,3.009041,0.578737,0.212675,-0.037518,0.910088,0.252207,0.443411,0.623156,0.75196,0.82221,-0.075803,0.145627,-0.452055,0.430315,-0.267617,-0.185614,-0.075998,0.029287,0.126953,0.156118,0.143943,-0.469831,0.517839,-0.048933,0.060644,0.16608,0.263677,0.337854,386.686,PRE_INTERVENTION,36NXF,135,02.14
2020-05-26,sentinel2,20200526T074621_20200526T080832_T36NXF,PRE,19.92,20.812364,0.53769,0.214803,-0.110364,0.916433,0.222665,0.370889,0.566401,0.722476,0.808558,-0.074649,0.137672,-0.490438,0.362027,-0.259691,-0.173933,-0.072161,0.025404,0.107218,0.157899,0.136618,-0.381701,0.558753,-0.025169,0.064455,0.158241,0.25584,0.333919,350.966,PRE_INTERVENTION,36NXF,135,02.14
2020-05-31,sentinel2,20200531T074619_20200531T080520_T36NXF,PRE,20.95,16.265079,0.57552,0.226695,-0.034107,0.909683,0.224621,0.420003,0.626914,0.767552,0.834107,-0.109115,0.149359,-0.482683,0.412339,-0.302655,-0.2245,-0.115168,-0.001903,0.103494,0.185917,0.147085,-0.428628,0.524615,-0.025447,0.091991,0.197143,0.298733,0.369186,284.014,PRE_INTERVENTION,36NXF,135,02.14
2020-06-05,sentinel2,20200605T074621_20200605T080829_T36NXF,PRE,29.73,34.110418,0.37043,0.056958,0.172514,0.629266,0.303742,0.334987,0.36618,0.403306,0.446265,-0.091526,0.041975,-0.273444,0.064193,-0.143621,-0.120115,-0.092843,-0.063415,-0.038108,0.171314,0.026857,0.065826,0.300961,0.140146,0.153811,0.169458,0.186037,0.205559,258.716,PRE_INTERVENTION,36NXF,135,02.14
2020-06-20,sentinel2,20200620T074619_20200620T080329_T36NXF,PRE,5.67,28.909835,0.541151,0.190414,0.001791,0.878837,0.259979,0.412229,0.564374,0.697198,0.771622,-0.101041,0.127862,-0.424571,0.405493,-0.267662,-0.197148,-0.103535,-0.01371,0.080033,0.185676,0.130018,-0.452748,0.516535,0.005852,0.103563,0.193307,0.283289,0.349533,235.107,PRE_INTERVENTION,36NXF,135,02.14
2020-06-25,sentinel2,20200625T074621_20200625T080202_T36NXF,PRE,0.05,1.4204,0.586374,0.21182,-0.012159,0.911275,0.255896,0.451174,0.634902,0.759694,0.82236,-0.075969,0.144825,-0.442211,0.390895,-0.267648,-0.189429,-0.076252,0.029368,0.12689,0.169775,0.142133,-0.402467,0.524875,-0.033119,0.07231,0.177819,0.279202,0.345676,236.102,PRE_INTERVENTION,36NXF,135,02.14
2021-01-06,sentinel2,20210106T075219_20210106T080451_T36NXF,PRE,0.05,4.158636,0.557489,0.212143,-0.027879,0.905444,0.228601,0.415976,0.595766,0.728496,0.806613,-0.049614,0.140059,-0.45098,0.442707,-0.240163,-0.150402,-0.044864,0.056664,0.134882,0.133116,0.14051,-0.450312,0.504868,-0.060492,0.033281,0.138688,0.236392,0.314652,76.078,PRE_INTERVENTION,36NXF,135,02.14
2021-01-16,sentinel2,20210116T075159_20210116T080452_T36NXF,PRE,10.46,47.095067,0.468285,0.183131,-0.039715,0.852814,0.228508,0.322273,0.4707,0.619122,0.716821,-0.084711,0.108418,-0.428446,0.355503,-0.232425,-0.158083,-0.07623,-0.01366,0.04875,0.166475,0.113504,-0.400663,0.514891,0.025436,0.091846,0.162191,0.24798,0.314468,114.496,PRE_INTERVENTION,36NXF,135,02.14
2021-01-21,sentinel2,20210121T075231_20210121T075231_T36NXF,PRE,1.0,46.666239,0.537113,0.199861,-0.019928,0.877616,0.232506,0.400476,0.572257,0.697278,0.775448,-0.04813,0.127132,-0.411915,0.389419,-0.216827,-0.138638,-0.048761,0.044874,0.126996,0.144286,0.127451,-0.399466,0.502545,-0.037133,0.056648,0.150231,0.236333,0.306683,94.476,PRE_INTERVENTION,36NXF,135,02.14
2021-01-26,sentinel2,20210126T075109_20210126T080454_T36NXF,PRE,0.04,4.672891,0.536293,0.194868,-0.010375,0.866584,0.240217,0.404214,0.568269,0.693345,0.771494,-0.050583,0.127316,-0.427838,0.3725,-0.224624,-0.142751,-0.04487,0.044913,0.119142,0.12917,0.128231,-0.404082,0.480773,-0.048793,0.041011,0.130795,0.220788,0.29877,103.939,PRE_INTERVENTION,36NXF,135,02.14
2021-01-31,sentinel2,20210131T075141_20210131T075212_T36NXF,PRE,0.08,2.639062,0.540103,0.209749,-0.021021,0.907618,0.224475,0.39648,0.572413,0.708901,0.798715,-0.030676,0.135151,-0.475601,0.424165,-0.216957,-0.12313,-0.025347,0.068209,0.146449,0.116452,0.133948,-0.411678,0.493415,-0.06442,0.02524,0.119067,0.208985,0.291128,103.939,PRE_INTERVENTION,36NXF,135,02.14
2021-02-05,sentinel2,20210205T075019_20210205T080523_T36NXF,PRE,0.03,1.214422,0.496743,0.197623,-0.024772,0.881461,0.205178,0.361205,0.517526,0.650477,0.748067,-0.000198,0.127479,-0.438649,0.408596,-0.177711,-0.08394,0.01364,0.095629,0.158167,0.084794,0.130194,-0.434676,0.497888,-0.083885,-0.005936,0.080056,0.169972,0.259577,87.437,PRE_INTERVENTION,36NXF,135,02.14
2021-02-10,sentinel2,20210210T075041_20210210T075211_T36NXF,PRE,1.99,12.631378,0.495224,0.216322,-0.052167,0.911144,0.185737,0.329864,0.517452,0.666058,0.771501,0.004044,0.126785,-0.452234,0.441284,-0.17003,-0.072174,0.013676,0.091838,0.162215,0.103627,0.128657,-0.425306,0.498392,-0.064436,0.017554,0.099648,0.189411,0.27159,101.468,PRE_INTERVENTION,36NXF,135,02.14
2021-02-15,sentinel2,20210215T075009_20210215T080449_T36NXF,PRE,0.06,1.486415,0.525249,0.204964,-0.03322,0.892331,0.216725,0.388723,0.55661,0.68546,0.775444,-0.020727,0.130455,-0.437054,0.428619,-0.197227,-0.107374,-0.013754,0.07618,0.15037,0.108742,0.132094,-0.445853,0.489554,-0.06846,0.01746,0.111512,0.201233,0.279298,96.676,PRE_INTERVENTION,36NXF,135,02.14
2021-02-20,sentinel2,20210220T074941_20210220T075211_T36NXF,PRE,24.3,30.848726,0.329509,0.063788,0.103044,0.528486,0.245204,0.292018,0.336924,0.37596,0.405258,-0.050872,0.048663,-0.189769,0.120269,-0.110373,-0.086951,-0.053687,-0.018543,0.016684,0.145537,0.060385,-0.062975,0.307831,0.061505,0.106486,0.149407,0.190443,0.219706,114.385,PRE_INTERVENTION,36NXF,135,02.14
2021-05-06,sentinel2,20210506T074609_20210506T080443_T36NXF,PRE,39.03,37.362533,0.51791,0.203284,-0.057195,0.878018,0.224565,0.369108,0.54865,0.68558,0.763554,-0.107234,0.122447,-0.431376,0.295455,-0.26352,-0.197355,-0.111421,-0.025493,0.064567,0.186979,0.124827,-0.289385,0.496378,0.009613,0.107441,0.193283,0.279332,0.341772,457.52,PRE_INTERVENTION,36NXF,135,03.00
2021-05-16,sentinel2,20210516T074609_20210516T080452_T36NXF,PRE,0.47,1.392036,0.571966,0.215716,-0.053204,0.912383,0.244213,0.427764,0.619169,0.748025,0.818403,-0.075732,0.141457,-0.448929,0.377153,-0.263636,-0.181541,-0.076134,0.029307,0.119205,0.156663,0.139816,-0.462139,0.507903,-0.041017,0.060516,0.165939,0.25972,0.333957,581.315,PRE_INTERVENTION,36NXF,135,03.00
2021-05-21,sentinel2,20210521T074611_20210521T075213_T36NXF,PRE,30.77,20.870399,0.524434,0.197849,-0.026699,0.882966,0.244221,0.372993,0.548885,0.689368,0.771501,-0.104778,0.121279,-0.446028,0.308576,-0.267621,-0.193292,-0.103572,-0.017523,0.05276,0.191631,0.120007,-0.290603,0.531959,0.037218,0.111306,0.189642,0.279264,0.349671,534.474,PRE_INTERVENTION,36NXF,135,03.00
2021-05-26,sentinel2,20210526T074609_20210526T080454_T36NXF,PRE,31.21,16.457055,0.54483,0.200169,-0.073311,0.90436,0.263884,0.396228,0.568216,0.712895,0.790997,-0.109981,0.127317,-0.466987,0.350683,-0.279282,-0.201227,-0.10739,-0.025343,0.056483,0.185894,0.125249,-0.324433,0.528214,0.021385,0.107368,0.189465,0.275227,0.345799,425.633,PRE_INTERVENTION,36NXF,135,03.00
2021-05-31,sentinel2,20210531T074611_20210531T075213_T36NXF,PRE,0.04,10.740359,0.597263,0.218735,-0.035982,0.920323,0.25193,0.458955,0.65039,0.775453,0.837783,-0.092705,0.145937,-0.448527,0.445381,-0.283179,-0.205035,-0.099619,0.013465,0.11522,0.178299,0.141275,-0.411821,0.507828,-0.029321,0.083811,0.193277,0.283206,0.35363,349.415,PRE_INTERVENTION,36NXF,135,03.00
2021-06-05,sentinel2,20210605T074609_20210605T080534_T36NXF,PRE,0.01,1.990634,0.590605,0.21619,-0.041581,0.911718,0.252216,0.455115,0.642616,0.76759,0.830077,-0.092667,0.148272,-0.446503,0.421534,-0.28711,-0.208873,-0.09963,0.017583,0.115139,0.174376,0.146622,-0.422376,0.51567,-0.037276,0.076,0.189516,0.287194,0.357568,272.194,PRE_INTERVENTION,36NXF,135,03.00
2021-06-10,sentinel2,20210610T074611_20210610T075213_T36NXF,PRE,0.09,1.474069,0.578653,0.218666,-0.040927,0.915225,0.236376,0.435396,0.626923,0.759793,0.82614,-0.0716,0.149874,-0.460593,0.42516,-0.271342,-0.185587,-0.072313,0.041003,0.134699,0.155905,0.147656,-0.434432,0.530638,-0.052597,0.052731,0.165998,0.267601,0.341803,107.571,PRE_INTERVENTION,36NXF,135,03.00
2021-06-15,sentinel2,20210615T074609_20210615T080454_T36NXF,PRE,5.04,49.165146,0.560681,0.217332,-0.125077,0.92144,0.230427,0.410108,0.597553,0.738198,0.816365,-0.091937,0.140299,-0.439984,0.3798,-0.279235,-0.197259,-0.091714,0.0099,0.103269,0.18711,0.136609,-0.404264,0.506225,-0.009699,0.095755,0.197295,0.287169,0.361328,74.325,PRE_INTERVENTION,36NXF,135,03.00
2021-06-20,sentinel2,20210620T074611_20210620T075213_T36NXF,PRE,12.32,5.13556,0.507505,0.199504,-0.038791,0.884256,0.216693,0.357455,0.533073,0.673929,0.755778,-0.085609,0.116812,-0.405932,0.314788,-0.240159,-0.166058,-0.087898,-0.009784,0.076294,0.192501,0.116724,-0.263839,0.496403,0.033231,0.119144,0.197331,0.27535,0.341758,111.359,PRE_INTERVENTION,36NXF,135,03.00
2021-06-25,sentinel2,20210625T074609_20210625T080454_T36NXF,PRE,5.92,42.681627,0.487009,0.177866,0.003823,0.846028,0.248202,0.353759,0.494033,0.630757,0.72073,-0.084991,0.110514,-0.383657,0.310863,-0.232459,-0.158207,-0.083966,-0.017585,0.068245,0.165854,0.114897,-0.288928,0.474194,0.009659,0.099504,0.166152,0.244108,0.314334,117.322,PRE_INTERVENTION,36NXF,135,03.00
2021-06-30,sentinel2,20210630T074611_20210630T080821_T36NXF,PRE,14.02,24.002366,0.450225,0.175834,-0.030862,0.870359,0.228472,0.322277,0.439481,0.58409,0.697221,-0.061877,0.10485,-0.408145,0.400225,-0.193204,-0.130843,-0.060548,-0.002006,0.076099,0.153431,0.104168,-0.374446,0.469908,0.021423,0.099606,0.154364,0.216713,0.283414,140.168,PRE_INTERVENTION,36NXF,135,03.00
2022-01-06,sentinel2,20220106T075321_20220106T075319_T36NXF,POST,0.05,8.909758,0.484102,0.165261,-0.038271,0.904733,0.255876,0.377102,0.490148,0.603441,0.697262,-0.003749,0.095097,-0.442488,0.349598,-0.126899,-0.056579,0.00196,0.056662,0.111385,0.093055,0.097132,-0.306538,0.478879,-0.025359,0.033175,0.087879,0.150491,0.220852,61.086,POST_INTERVENTION|NEAR_INTERVENTION,36NXF,135,03.01
2022-01-11,sentinel2,20220111T075209_20220111T080450_T36NXF,POST,2.43,18.439841,0.439465,0.149302,0.015306,0.801809,0.220688,0.341819,0.455,0.544866,0.627076,0.002454,0.08918,-0.354893,0.301643,-0.119197,-0.052765,0.009744,0.068348,0.111358,0.072773,0.094871,-0.305635,0.419814,-0.044872,0.005913,0.068371,0.134763,0.19724,49.757,POST_INTERVENTION|NEAR_INTERVENTION,36NXF,135,03.01
2022-01-26,sentinel2,20220126T075211_20220126T075213_T36NXF,POST,0.0,0.000468,0.50088,0.194529,-0.028181,0.887446,0.208994,0.369074,0.529444,0.650373,0.740375,0.009931,0.116364,-0.431352,0.398746,-0.146431,-0.060508,0.017495,0.091768,0.154268,0.078292,0.118391,-0.390888,0.484069,-0.076175,-0.002007,0.076195,0.154248,0.232365,113.14,POST_INTERVENTION|NEAR_INTERVENTION,36NXF,135,05.10
2022-02-10,sentinel2,20220210T074959_20220210T080448_T36NXF,POST,2.24,69.870883,0.472196,0.17491,-0.027096,0.823848,0.212791,0.353325,0.498049,0.611282,0.685702,-0.031632,0.100163,-0.366798,0.305673,-0.162105,-0.099545,-0.029407,0.040934,0.099645,0.122662,0.104423,-0.30288,0.445483,-0.021437,0.048781,0.126951,0.197289,0.255881,178.468,POST_INTERVENTION|NEAR_INTERVENTION,36NXF,135,04.00
2022-02-20,sentinel2,20220220T074939_20220220T080357_T36NXF,POST,0.0,34.588614,0.529702,0.201669,-0.050829,0.912683,0.224546,0.39269,0.56428,0.689371,0.767615,-0.049029,0.11788,-0.378087,0.367011,-0.204978,-0.134658,-0.048766,0.037118,0.111282,0.147567,0.116937,-0.352185,0.457956,-0.017569,0.068339,0.158186,0.232393,0.29099,185.766,POST_INTERVENTION|NEAR_INTERVENTION,36NXF,135,04.00
2022-05-01,sentinel2,20220501T074609_20220501T080447_T36NXF,POST,14.17,55.589855,0.4978,0.167613,-0.024411,0.839422,0.251783,0.37694,0.525428,0.630876,0.697327,-0.087649,0.098681,-0.386922,0.299725,-0.216797,-0.158252,-0.087843,-0.021575,0.044802,0.172814,0.1004,-0.231962,0.439964,0.037245,0.107474,0.177629,0.244222,0.298889,239.487,POST_INTERVENTION,36NXF,135,04.00
2022-05-06,sentinel2,20220506T074621_20220506T075217_T36NXF,POST,0.0,11.273858,0.568576,0.222704,-0.062059,0.937417,0.220663,0.427771,0.615178,0.748032,0.826145,-0.060264,0.140789,-0.44021,0.427639,-0.244067,-0.162089,-0.060469,0.041074,0.134775,0.154335,0.13837,-0.418363,0.515959,-0.044895,0.064474,0.166033,0.25585,0.322181,332.78,POST_INTERVENTION,36NXF,135,04.00
2022-05-11,sentinel2,20220511T074609_20220511T080451_T36NXF,POST,0.0,0.998792,0.570539,0.215332,-0.026083,0.919631,0.240628,0.427707,0.611245,0.744066,0.822277,-0.062675,0.142067,-0.443854,0.41405,-0.251996,-0.166049,-0.064481,0.041098,0.130821,0.135374,0.140357,-0.454704,0.485104,-0.060637,0.037284,0.142627,0.240286,0.314475,414.749,POST_INTERVENTION,36NXF,135,04.00
2022-05-16,sentinel2,20220516T074621_20220516T080458_T36NXF,POST,0.0,4.235925,0.547545,0.205175,-0.016646,0.894115,0.232335,0.408336,0.583885,0.712699,0.791081,-0.040821,0.13246,-0.407917,0.403494,-0.216799,-0.134732,-0.041018,0.056675,0.134689,0.12245,0.131347,-0.388514,0.469565,-0.060494,0.029199,0.130863,0.216744,0.290971,409.059,POST_INTERVENTION,36NXF,135,04.00
2022-05-21,sentinel2,20220521T074609_20220521T080453_T36NXF,POST,0.0,13.342278,0.565251,0.205232,-0.031346,0.907604,0.24817,0.427588,0.61135,0.732385,0.798752,-0.076301,0.131326,-0.431784,0.370637,-0.248093,-0.173731,-0.080121,0.017695,0.103486,0.15934,0.129761,-0.371992,0.472499,-0.025439,0.072212,0.173941,0.255894,0.322276,406.924,POST_INTERVENTION,36NXF,135,04.00
2022-05-26,sentinel2,20220526T074621_20220526T080501_T36NXF,POST,1.6,23.149592,0.56155,0.206652,-0.028652,0.897717,0.244317,0.423786,0.607458,0.732498,0.798865,-0.070858,0.130061,-0.408666,0.393764,-0.240264,-0.16982,-0.076134,0.02151,0.111305,0.168767,0.127716,-0.359384,0.470119,-0.017629,0.083991,0.181574,0.263683,0.326172,325.384,POST_INTERVENTION,36NXF,135,04.00
2022-05-31,sentinel2,20220531T074609_20220531T080453_T36NXF,POST,0.0,6.901606,0.587364,0.219612,-0.041418,0.922921,0.244153,0.443443,0.638641,0.767472,0.829978,-0.085613,0.142961,-0.457786,0.420983,-0.271325,-0.193435,-0.095672,0.017736,0.115201,0.169844,0.139795,-0.426763,0.491421,-0.033193,0.076139,0.185491,0.271399,0.341726,313.729,POST_INTERVENTION,36NXF,135,04.00
2022-06-05,sentinel2,20220605T074621_20220605T080501_T36NXF,POST,33.39,22.356834,0.528037,0.212836,-0.029553,0.901116,0.208908,0.36901,0.560465,0.705218,0.787194,-0.047924,0.128648,-0.417764,0.411467,-0.220572,-0.138647,-0.044856,0.041043,0.126908,0.133215,0.129216,-0.409663,0.473947,-0.044643,0.048753,0.138496,0.224466,0.298818,220.057,POST_INTERVENTION,36NXF,135,04.00
2022-06-15,sentinel2,20220615T074621_20220615T080504_T36NXF,POST,0.0,0.568571,0.57459,0.206648,-0.018542,0.908291,0.251949,0.439411,0.61911,0.744101,0.806779,-0.071153,0.13718,-0.414722,0.413004,-0.251881,-0.173928,-0.076254,0.029324,0.119068,0.163428,0.134888,-0.404005,0.482896,-0.029347,0.072276,0.177641,0.263629,0.330047,176.16,POST_INTERVENTION,36NXF,135,04.00
2022-06-30,sentinel2,20220630T074619_20220630T080346_T36NXF,POST,0.0,1.091204,0.572096,0.206669,-0.021788,0.892275,0.248023,0.43566,0.6232,0.744139,0.802848,-0.086074,0.142931,-0.433355,0.398791,-0.271497,-0.197165,-0.09168,0.021538,0.115024,0.168549,0.142486,-0.449203,0.498203,-0.037061,0.072275,0.185613,0.275496,0.345707,118.704,POST_INTERVENTION,36NXF,135,04.00
2023-01-01,sentinel2,20230101T075331_20230101T080556_T36NXF,POST,0.0,0.295105,0.580325,0.218038,-0.029982,0.93122,0.240092,0.435508,0.626895,0.759833,0.826242,-0.06248,0.144763,-0.49176,0.442053,-0.251799,-0.173658,-0.060441,0.044956,0.134818,0.145261,0.14308,-0.444423,0.545733,-0.056444,0.044903,0.154214,0.251974,0.322322,226.374,POST_INTERVENTION,36NXF,135,05.09
2023-01-06,sentinel2,20230106T075219_20230106T080450_T36NXF,POST,0.0,0.614859,0.564347,0.201847,-0.01924,0.901405,0.252013,0.431849,0.603501,0.728449,0.794843,-0.076494,0.135205,-0.478372,0.37553,-0.255869,-0.177816,-0.07618,0.025389,0.1076,0.152067,0.136555,-0.390476,0.534902,-0.037302,0.056729,0.158234,0.251851,0.322296,218.656,POST_INTERVENTION,36NXF,135,05.09
2023-01-11,sentinel2,20230111T075301_20230111T080534_T36NXF,POST,2.58,11.28493,0.560863,0.21323,-0.034055,0.925926,0.232587,0.41586,0.603448,0.736219,0.806563,-0.053012,0.139303,-0.477684,0.42681,-0.240245,-0.154431,-0.048749,0.052795,0.134711,0.141898,0.139664,-0.451972,0.520282,-0.052668,0.044922,0.146416,0.244022,0.318288,180.654,POST_INTERVENTION,36NXF,135,05.09
2023-01-16,sentinel2,20230116T075149_20230116T080450_T36NXF,POST,0.0,6.386276,0.543678,0.208657,-0.020945,0.913884,0.228441,0.400388,0.580064,0.71285,0.790958,-0.043173,0.138702,-0.495597,0.414371,-0.232505,-0.138721,-0.033139,0.060504,0.134829,0.12337,0.140482,-0.433566,0.545256,-0.064265,0.025399,0.123069,0.220689,0.306523,156.507,POST_INTERVENTION,36NXF,135,05.09
2023-01-21,sentinel2,20230121T075231_20230121T080456_T36NXF,POST,0.0,0.00704,0.511492,0.201642,-0.020423,0.908232,0.212848,0.369386,0.537096,0.669922,0.75965,-0.006026,0.126641,-0.458143,0.392956,-0.1778,-0.087876,0.005875,0.087884,0.150367,0.096721,0.128345,-0.39095,0.508322,-0.072282,0.005843,0.095764,0.181648,0.263596,124.786,POST_INTERVENTION,36NXF,135,05.10
2023-01-26,sentinel2,20230126T075109_20230126T080451_T36NXF,POST,0.0,20.09213,0.482415,0.171683,0.004254,0.837633,0.228567,0.361262,0.501853,0.615259,0.697302,-0.015334,0.108694,-0.392523,0.330811,-0.165981,-0.083896,-0.005853,0.064481,0.119104,0.0914,0.113654,-0.341247,0.446526,-0.052763,0.009796,0.087899,0.16612,0.244158,53.259,POST_INTERVENTION,36NXF,135,05.09
2023-01-31,sentinel2,20230131T075141_20230131T080449_T36NXF,POST,0.0,0.827253,0.465327,0.187254,-0.024898,0.863515,0.19328,0.334035,0.478549,0.603312,0.709128,0.030007,0.118317,-0.422039,0.408514,-0.13477,-0.037126,0.04496,0.115236,0.166245,0.061467,0.122847,-0.399757,0.478586,-0.08781,-0.025404,0.052785,0.134825,0.224606,14.437,POST_INTERVENTION,36NXF,135,05.09
2023-02-05,sentinel2,20230205T075019_20230205T080451_T36NXF,POST,0.0,0.674407,0.456698,0.190017,-0.024882,0.887646,0.189589,0.322296,0.462816,0.591788,0.712756,0.029802,0.119921,-0.439924,0.392188,-0.138488,-0.029314,0.052754,0.115227,0.162118,0.050969,0.123311,-0.428404,0.508233,-0.091819,-0.037119,0.037177,0.119121,0.22077,14.437,POST_INTERVENTION,36NXF,135,05.09
2023-02-10,sentinel2,20230210T075051_20230210T080451_T36NXF,POST,0.0,5.50605,0.439277,0.182134,-0.019175,0.871992,0.1856,0.310779,0.443324,0.564367,0.685382,0.06125,0.114134,-0.406844,0.400295,-0.095882,0.009748,0.084062,0.142637,0.181623,0.027063,0.118817,-0.411975,0.47611,-0.10736,-0.056581,0.009724,0.091783,0.189474,15.618,POST_INTERVENTION,36NXF,135,05.09
2023-02-15,sentinel2,20230215T075009_20230215T080452_T36NXF,POST,3.23,5.56668,0.40753,0.17323,-0.02705,0.895853,0.177631,0.287199,0.404197,0.52149,0.646548,0.063851,0.102142,-0.367748,0.370334,-0.076144,0.013817,0.084014,0.134744,0.169935,0.02745,0.106107,-0.387097,0.421512,-0.091781,-0.044844,0.013648,0.084065,0.173868,3.702,POST_INTERVENTION,36NXF,135,05.09
2023-02-20,sentinel2,20230220T074941_20230220T080450_T36NXF,POST,0.0,0.0,0.398844,0.1774,-0.023508,0.869518,0.165947,0.275401,0.388654,0.509773,0.650154,0.08953,0.107224,-0.402237,0.417595,-0.052797,0.044933,0.111307,0.162107,0.197238,0.003418,0.111237,-0.408615,0.463177,-0.115152,-0.072223,-0.017675,0.056704,0.154018,3.702,POST_INTERVENTION,36NXF,135,05.09
2023-02-25,sentinel2,20230225T074909_20230225T080454_T36NXF,POST,0.0,8.862758,0.402619,0.178554,-0.03079,0.868008,0.170055,0.279364,0.392483,0.513747,0.654159,0.080993,0.114538,-0.405417,0.418552,-0.076102,0.033184,0.10745,0.158148,0.197186,0.011297,0.119343,-0.421409,0.476238,-0.119122,-0.072259,-0.009859,0.07227,0.177604,9.061,POST_INTERVENTION,36NXF,135,05.09
2023-05-06,sentinel2,20230506T074619_20230506T080456_T36NXF,POST,0.0,2.885594,0.577239,0.221884,-0.043368,0.93216,0.23643,0.431719,0.62302,0.759625,0.830206,-0.069941,0.147244,-0.470038,0.434458,-0.26763,-0.177764,-0.072301,0.041114,0.131086,0.145389,0.145738,-0.486557,0.515416,-0.058591,0.042972,0.16017,0.253795,0.324355,333.139,POST_INTERVENTION,36NXF,135,05.09
2023-05-16,sentinel2,20230516T074619_20230516T080453_T36NXF,POST,16.48,1.944088,0.563765,0.227303,-0.043225,0.922351,0.21281,0.396536,0.615184,0.755834,0.826115,-0.061,0.153613,-0.453681,0.422303,-0.263826,-0.177667,-0.064434,0.056609,0.15035,0.139884,0.15327,-0.43943,0.517176,-0.080144,0.029336,0.154323,0.255953,0.333869,365.06,POST_INTERVENTION,36NXF,135,05.09
2023-05-21,sentinel2,20230521T074611_20230521T080451_T36NXF,POST,0.0,2.243085,0.577518,0.223241,-0.048051,0.921799,0.232244,0.427667,0.623007,0.76372,0.834099,-0.060012,0.151455,-0.449486,0.450206,-0.259987,-0.1777,-0.060371,0.056684,0.146459,0.144969,0.149703,-0.454588,0.529412,-0.068344,0.04083,0.15822,0.259752,0.333918,379.419,POST_INTERVENTION,36NXF,135,05.09
2023-05-26,sentinel2,20230526T074619_20230526T080453_T36NXF,POST,0.0,14.324246,0.599052,0.226477,-0.058611,0.934619,0.247845,0.451238,0.654159,0.787171,0.849647,-0.103745,0.154938,-0.483797,0.430654,-0.306632,-0.224712,-0.111434,0.013657,0.115307,0.183183,0.151951,-0.434708,0.535944,-0.037072,0.080138,0.201268,0.298858,0.369131,364.232,POST_INTERVENTION,36NXF,135,05.09
2023-06-15,sentinel2,20230615T074619_20230615T080200_T36NXF,POST,0.0,25.208652,0.584256,0.224103,-0.045126,0.943511,0.236316,0.431495,0.634769,0.771476,0.837805,-0.100572,0.15572,-0.480096,0.409492,-0.306503,-0.220642,-0.103512,0.01762,0.115353,0.187651,0.154504,-0.430547,0.540289,-0.033273,0.080118,0.20111,0.306617,0.380796,270.921,POST_INTERVENTION,36NXF,135,05.09
2023-06-20,sentinel2,20230620T074621_20230620T080453_T36NXF,POST,19.9,51.048356,0.601533,0.233942,-0.056982,0.955571,0.238054,0.449087,0.660072,0.800741,0.855534,-0.098049,0.157386,-0.473434,0.456362,-0.29883,-0.224653,-0.107452,0.01746,0.12687,0.197939,0.153867,-0.442654,0.536112,-0.029327,0.09569,0.216845,0.318329,0.380843,280.811,POST_INTERVENTION,36NXF,135,05.09
2024-01-06,sentinel2,20240106T075321_20240106T080543_T36NXF,POST,2.42,11.536073,0.549605,0.202625,-0.027182,0.920849,0.24408,0.412006,0.583893,0.708908,0.794945,-0.071236,0.130335,-0.459719,0.365205,-0.236433,-0.165944,-0.076123,0.021439,0.107428,0.163922,0.133446,-0.389468,0.529457,-0.025531,0.076185,0.173861,0.259778,0.326133,102.924,POST_INTERVENTION,36NXF,135,05.10
2024-01-26,sentinel2,20240126T075211_20240126T080433_T36NXF,POST,1.04,13.492215,0.570226,0.223468,-0.049841,0.919285,0.220792,0.423772,0.619151,0.755783,0.826133,-0.052299,0.142523,-0.435918,0.441815,-0.240117,-0.162043,-0.056697,0.052772,0.142368,0.147641,0.142084,-0.482328,0.498554,-0.056536,0.052817,0.162068,0.255686,0.32221,218.834,POST_INTERVENTION,36NXF,135,05.10
2024-01-31,sentinel2,20240131T075049_20240131T080446_T36NXF,POST,21.57,16.32769,0.546357,0.225831,-0.040552,0.916115,0.205243,0.380741,0.584039,0.732453,0.818429,-0.054152,0.143146,-0.456592,0.443079,-0.244138,-0.158364,-0.052647,0.048892,0.138632,0.139059,0.145053,-0.468832,0.511598,-0.06436,0.041006,0.146402,0.244082,0.32221,221.224,POST_INTERVENTION,36NXF,135,05.10
2024-02-05,sentinel2,20240205T075121_20240205T080445_T36NXF,POST,2.44,58.053625,0.550032,0.193061,-0.023636,0.871676,0.255687,0.41993,0.591617,0.708962,0.771429,-0.070556,0.120753,-0.385796,0.335268,-0.228506,-0.161985,-0.076094,0.021361,0.09955,0.163558,0.122049,-0.334949,0.45762,-0.013611,0.08007,0.177691,0.255859,0.314473,280.567,POST_INTERVENTION,36NXF,135,05.10
2024-02-10,sentinel2,20240210T075009_20240210T080450_T36NXF,POST,18.24,37.56288,0.532241,0.206945,-0.027714,0.924307,0.259951,0.361138,0.529626,0.712872,0.814503,-0.070807,0.124789,-0.453273,0.419367,-0.244135,-0.154304,-0.060606,0.013721,0.083923,0.153655,0.117825,-0.339367,0.510605,0.013652,0.07616,0.142517,0.236286,0.314434,212.286,POST_INTERVENTION,36NXF,135,05.10
2024-02-20,sentinel2,20240220T074949_20240220T080450_T36NXF,POST,9.42,13.910446,0.547869,0.22436,-0.068544,0.920554,0.208948,0.396637,0.587822,0.732383,0.814577,-0.057208,0.143524,-0.438236,0.435037,-0.255897,-0.165885,-0.0527,0.052697,0.134773,0.144727,0.144917,-0.453885,0.50916,-0.060457,0.044898,0.154347,0.255949,0.330076,225.522,POST_INTERVENTION,36NXF,135,05.10
2024-05-10,sentinel2,20240510T074609_20240510T080449_T36NXF,POST,22.77,33.330965,0.561578,0.228513,-0.065606,0.925881,0.204911,0.404333,0.607578,0.74795,0.830208,-0.089545,0.138941,-0.430972,0.39931,-0.279361,-0.19329,-0.087927,0.013763,0.099738,0.176653,0.13723,-0.445721,0.498285,-0.013616,0.083957,0.185552,0.279322,0.349601,302.495,POST_INTERVENTION,36NXF,135,05.10
2024-05-15,sentinel2,20240515T074611_20240515T075910_T36NXF,POST,2.46,63.709992,0.519132,0.179922,-0.017717,0.847738,0.247986,0.400555,0.55281,0.66609,0.732363,-0.069167,0.114625,-0.369346,0.309851,-0.2246,-0.154344,-0.068349,0.017733,0.087792,0.162422,0.117402,-0.28643,0.446446,-0.001992,0.080075,0.16989,0.248029,0.314323,280.18,POST_INTERVENTION,36NXF,135,05.10
2024-05-20,sentinel2,20240520T074609_20240520T080514_T36NXF,POST,0.0,34.083727,0.585565,0.223072,-0.073768,0.913778,0.236525,0.443559,0.638613,0.76762,0.837797,-0.10451,0.145367,-0.455651,0.39531,-0.294833,-0.21687,-0.111264,0.001976,0.10348,0.193206,0.14363,-0.420385,0.516052,-0.013743,0.095648,0.209051,0.302726,0.369167,312.467,POST_INTERVENTION,36NXF,135,05.10
2024-05-25,sentinel2,20240525T074611_20240525T080343_T36NXF,POST,1.63,24.399388,0.591172,0.230149,-0.056915,0.939554,0.232554,0.439531,0.642496,0.779226,0.853584,-0.080628,0.15631,-0.474374,0.444903,-0.287062,-0.201218,-0.083944,0.037032,0.138735,0.167499,0.153837,-0.43763,0.523389,-0.052637,0.060543,0.18171,0.283158,0.35739,254.362,POST_INTERVENTION,36NXF,135,05.10
2024-05-30,sentinel2,20240530T074609_20240530T080924_T36NXF,POST,0.0,1.570695,0.595,0.214459,-0.041135,0.916285,0.259722,0.455116,0.646527,0.771503,0.833959,-0.103746,0.146246,-0.474364,0.385915,-0.294967,-0.21683,-0.111377,0.005813,0.103481,0.190691,0.143883,-0.436601,0.530477,-0.017664,0.0919,0.205054,0.302692,0.369022,257.364,POST_INTERVENTION,36NXF,135,05.10
2024-06-04,sentinel2,20240604T074621_20240604T080444_T36NXF,POST,4.88,10.365122,0.588334,0.222743,-0.046426,0.922192,0.236253,0.443416,0.642525,0.771521,0.837853,-0.086231,0.150182,-0.45174,0.418035,-0.28327,-0.205091,-0.091937,0.025361,0.126856,0.182898,0.14778,-0.437316,0.521962,-0.033142,0.084127,0.201274,0.298732,0.365185,238.161,POST_INTERVENTION,36NXF,135,05.10
